Rover_Displacement_Along_X_Axis,
Time (sec),Linear Displacement1 (mm)
0,-1244.694269
0.04,-1243.182066
0.08,-1241.431803
0.090067247,-1239.490048
0.12,-1231.523007
0.131942167,-1228.545056
0.16,-1222.3135
0.2,-1214.496634
0.24,-1207.038365
0.28,-1199.58489
0.32,-1192.19322
0.36,-1184.89929
0.4,-1177.698907
0.43,-1172.352772
0.44,-1170.579707
0.48,-1163.528794
0.52,-1156.540143
0.56,-1149.609535
0.6,-1142.732771
0.64,-1135.902765
0.68,-1129.114885
0.72,-1122.367137
0.76,-1115.657741
0.8,-1108.982567
0.84,-1102.336436
0.88,-1095.718068
0.92,-1089.126775
0.96,-1082.561417
1,-1076.016566
1.02,-1072.750397
1.04,-1069.490908
1.08,-1062.984517
1.12,-1056.497106
1.16,-1050.025526
1.2,-1043.566813
1.24,-1037.121178
1.28,-1030.689333
1.32,-1024.270945
1.36,-1017.86103
1.38,-1014.658956
1.4,-1011.459887
1.4,-1011.459887
1.44,-1005.068405
1.48,-998.6871415
1.52,-992.3129115
1.56,-985.9441063
1.6,-979.581596
1.64,-973.2272377
1.68,-966.8793148
1.69,-965.2915612
1.72,-960.5344479
1.76,-954.1935381
1.8,-947.8580602
1.84,-941.5285842
1.88,-935.2014179
1.92,-928.8763016
1.96,-922.5549156
2,-916.2382062
2.04,-909.9243979
2.08,-903.611218
2.12,-897.299794
2.16,-890.9918149
2.2,-884.6878544
2.24,-878.3836499
2.28,-872.0800505
2.28,-872.0800505
2.31,-867.3547458
2.32,-865.7787149
2.36,-859.4807144
2.4,-853.1834853
2.44,-846.8857178
2.48,-840.5888261
2.52,-834.2948871
2.56,-828.0031479
2.6,-821.710166
2.62,-818.5635785
2.64,-815.4171314
2.68,-809.1257639
2.72,-802.83704
2.76,-796.5477895
2.8,-790.2575585
2.84,-783.9683478
2.88,-777.6814371
2.92,-771.3953052
2.93,-769.8225317
2.96,-765.1076292
3,-758.8197969
3.04,-752.533579
3.08,-746.2496102
3.12,-739.9640403
3.16,-733.6777513
3.2,-727.3919907
3.24,-721.1068412
3.28,-714.8198575
3.32,-708.5286419
3.36,-702.2339178
3.4,-695.9361222
3.44,-689.6348831
3.48,-683.3243639
3.52,-676.9980351
3.56,-670.6550332
3.6,-664.3022223
3.64,-657.9268542
3.68,-651.5173301
3.72,-645.0846035
3.76,-638.6487182
3.8,-632.2210398
3.84,-625.7997573
3.88,-619.371042
3.92,-612.9269707
3.96,-606.4668971
4,-599.9829033
4.04,-593.4684176
4.08,-586.929837
4.12,-580.3739953
4.16,-573.8002619
4.2,-567.2067712
4.24,-560.5963994
4.28,-553.970097
4.32,-547.3301422
4.36,-540.6746317
4.4,-534.0058276
4.44,-527.3191713
4.48,-520.6209231
4.52,-513.9132675
4.56,-507.1952484
4.6,-500.464566
4.64,-493.7283272
4.68,-486.9899339
4.72,-480.2451955
4.76,-473.4941984
4.76,-473.4941984
4.8,-466.7432071
4.84,-459.9953095
4.88,-453.250306
4.92,-446.5145702
4.96,-439.7983193
5,-433.0963577
5.04,-426.4066134
5.08,-419.7402232
5.12,-413.1043803
5.16,-406.5017679
5.2,-399.9339585
5.24,-393.4013252
5.28,-386.9189792
5.32,-380.5038074
5.36,-374.1707739
5.4,-367.9244744
5.44,-361.7617842
5.48,-356.3184707
5.52,-351.2330287
5.56,-346.3136092
5.6,-341.5568873
5.6,-341.5568873
5.64,-336.9553676
5.68,-332.2414089
5.714290266,-328.1467375
5.72,-327.4733105
5.76,-322.7955357
5.8,-318.077273
5.819740471,-315.6630005
5.84,-313.0402487
5.875772809,-307.3808637
5.88,-306.6376277
5.92,-300.512714
5.96,-295.2495682
5.979141042,-293.5190676
6,-290.8075673
6.04,-285.0287515
6.04,-285.0287515
6.073926503,-280.7444784
6.08,-280.1252991
6.085854815,-279.391862
6.12,-274.4544505
6.154779326,-269.9476282
6.16,-269.4876713
6.173355638,-268.5547562
6.2,-265.3903707
6.224195143,-261.8545949
6.24,-259.6629838
6.253555776,-257.9306757
6.266357962,-256.572928
6.28,-255.2433552
6.28616511,-254.4514408
6.32,-249.5936694
6.36,-245.0437013
6.369274566,-244.575633
6.4,-241.0318173
6.422115651,-237.8011796
6.44,-235.3508072
6.461741251,-232.9516494
6.474950992,-231.7583343
6.48,-231.1223458
6.52,-225.5033362
6.56,-221.2398952
6.6,-217.3240015
6.629348184,-213.0979735
6.64,-211.6532065
6.659534506,-209.6021483
6.673982315,-208.390962
6.68,-207.6500033
6.72,-201.9729137
6.76,-197.9272291
6.76,-197.9272291
6.8,-193.8098719
6.84,-188.2162749
6.856956694,-186.5144748
6.870747894,-185.446863
6.88,-184.3621084
6.881268029,-184.2180387
6.92,-178.7114293
6.956852449,-175.1553132
6.96,-175.0606598
7,-170.5743212
7.04,-165.1256689
7.053646615,-163.8336299
7.067261207,-162.7101283
7.08,-161.1732247
7.12,-155.5279237
7.156271294,-152.392154
7.16,-152.2842707
7.2,-147.5464809
7.212955968,-145.685788
7.24,-142.2235571
7.250214419,-141.3042961
7.277565639,-138.5948805
7.28,-138.30837
7.32,-132.6533583
7.36,-129.5731749
7.4,-124.7203009
7.412143943,-122.9632065
7.44,-119.4339691
7.448965802,-118.6756892
7.48,-115.6151905
7.52,-109.931053
7.543494692,-107.4506423
7.56,-106.862168
7.6,-102.1261798
7.621321097,-99.05270155
7.64,-96.6623843
7.651787507,-95.62358961
7.68,-92.86544481
7.72,-87.13649008
7.744202705,-84.5451021
7.754995628,-84.11273996
7.76,-83.98529111
7.8,-79.22784739
7.820702591,-76.26056614
7.84,-73.79759543
7.851113085,-72.80264737
7.875044975,-70.53166312
7.88,-69.91864995
7.92,-64.18798979
7.940522759,-62.01251404
7.952101223,-61.43624139
7.96,-61.08609104
8,-56.01450333
8.04,-50.92150215
8.047330014,-50.23172492
8.059363684,-49.22138858
8.070422406,-47.88658315
8.08,-46.64540762
8.12,-41.07067331
8.151122535,-38.73787143
8.16,-38.03752103
8.2,-32.77035257
8.213095329,-30.98617686
8.234120211,-28.4031528
8.24,-27.86655319
8.244502857,-27.44738279
8.257208187,-26.37110455
8.28,-23.55371923
8.32,-17.96280993
8.345877602,-15.99623501
8.36,-15.09281964
8.4,-9.861384902
8.406877943,-8.872213283
8.44,-4.844467624
8.443147201,-4.561330495
8.48,-0.709133649
8.52,5.04459097
8.536477584,6.638507347
8.56,7.895343492
8.6,13.20142864
8.607635527,14.31509472
8.64,18.30346458
8.642283865,18.51321144
8.68,22.73969764
8.72,28.54658882
8.73594064,30.03240387
8.746253358,30.39049458
8.76,31.38924652
8.8,36.96265565
8.803977312,37.53355914
8.83738977,41.69074132
8.84,41.92261716
8.88,47.07421897
8.92,52.47272417
8.926381672,52.99778848
8.937595163,53.53131225
8.96,56.02639718
9,61.79895077
9.025795704,65.01552817
9.04,66.6387216
9.04,66.6387216
9.08,72.63096567
9.12,76.89432856
9.123369488,77.04182149
9.16,81.83190017
9.186390365,85.57778468
9.2,87.4224272
9.212780337,89.10934566
9.223688163,90.55203749
9.235095791,92.35348703
9.24,93.07077461
9.28,98.73904813
9.295080346,100.2335913
9.32,102.3213845
9.36,108.164883
9.394292031,112.7910021
9.4,113.5974905
9.408387942,115.0050417
9.44,120.3614904
9.48,125.6756214
9.486009938,126.2089988
9.52,129.8129651
9.56,135.8781447
9.586487841,139.7626777
9.6,141.9283559
9.64,148.6565615
9.68,153.4508447
9.687805919,153.9734724
9.72,158.5954021
9.76,164.2789393
9.77435943,166.5464423
9.8,170.694479
9.84,176.2624191
9.869651826,179.1944383
9.88,180.4478733
9.92,186.1666483
9.924882414,186.7255319
9.951397123,190.3731159
9.96,191.670049
10,197.4553938
10.04,201.4786834
10.04525319,201.9586134
10.08,206.6343402
10.12,211.2446672
10.1254856,212.0781936
10.16,217.0565079
10.2,221.2314733
10.20636086,221.8200601
10.2248584,223.6405964
10.24,225.2617306
10.27676806,229.6215483
10.28,229.9192822
10.32,233.8225977
10.36,237.862069
10.39249041,240.4840352
10.4,240.9993363
10.42283379,242.9455035
10.44,244.6313134
10.48,248.4280067
10.52,251.2599042
10.56,255.3157284
10.6,258.8524064
10.64,260.8205667
10.66478456,262.4676845
10.68,263.7766113
10.72,266.7593962
10.76,267.9654574
10.8,269.9954009
10.84,272.0314742
10.88,271.862221
10.90859972,271.1487264
10.92,270.878844
10.96,269.6619517
10.9667257,269.2843797
11,266.3357863
11.02704488,264.5624584
11.04,264.0495988
11.08,261.281674
11.08,261.281674
11.12,265.2434923
11.16,269.0393458
11.2,272.2476325
11.2,272.2476325
11.24,275.3522907
11.28,278.6162034
11.32,282.0011012
11.36,285.4742397
11.4,289.0227073
11.44,292.6474499
11.48,296.3426161
11.52,300.1161106
11.56,303.9221389
11.6,307.6977534
11.64,311.4752276
11.68,315.172018
11.72,318.653787
11.76,321.8954692
11.8,324.9096795
11.84,327.8159171
11.88,330.8100112
11.92,333.384496
11.96,335.738054
12,337.9587413
12.04,339.7328601
12.08,341.1550262
12.12,342.40612
12.16,343.5131395
12.2,344.4782152
12.24,345.3033937
12.28,345.9714699
12.32,346.5281481
12.36,347.2178682
12.38352865,347.8805278
12.4,348.5637278
12.44,352.5840529
12.48,358.4386965
12.52,364.7986792
12.56,371.1945873
12.6,377.5146703
12.6375,383.3698925
12.64,383.7591602
12.67296875,388.8827674
12.68,389.9760911
12.68703125,391.0701665
12.72,396.2010331
12.76,402.442829
12.8,408.6915002
12.84,414.941132
12.88,421.1923962
12.92,427.4478572
12.96,433.7105567
12.98,436.8414754
13,439.978851
13.02,443.1142591
13.04,446.2525097
13.08,452.5307778
13.12,458.8115537
13.16,465.0927722
13.2,471.3729341
13.24,477.6522942
13.28,483.9321507
13.2925,485.8944618
13.32,490.2151098
13.32875,491.5879521
13.36,496.4965089
13.4,502.776226
13.44,509.0599
13.48,515.3436422
13.52,521.6195869
13.56,527.8931798
13.6,534.1638722
13.64,540.431551
13.68,546.6924923
13.72,552.9453634
13.76,559.2073804
13.8,565.378085
13.84,571.3919469
13.88,577.3415311
13.92,583.1135129
13.96,588.6435688
14,594.0476615
14.04,599.5265339
14.08,605.2706348
14.12,611.1729316
14.16,617.0539163
14.2,622.7136138
14.24,628.2204901
14.28,633.7934115
14.32,639.4715468
14.36,645.0842339
14.4,650.6447544
14.44,656.1691168
14.48,661.5681901
14.52,667.1646585
14.56,673.4202209
14.6,679.4135944
14.64,685.3163493
14.68,691.2363439
14.72,697.153024
14.76,703.0614151
14.8,708.9660791
14.84,714.8703104
14.88,720.7780581
14.92,726.6836443
14.96,732.6719117
15,739.0122773
15.04,745.9335724
15.08,752.9300781
15.12,759.8538538
15.12,759.8538538
15.16,766.6786033
15.16,766.6786033
15.2,773.4104048
15.24,780.0588749
15.28,786.6224723
15.32,793.1237864
15.32,793.1237864
15.36,799.6837639
15.39258413,805.1875964
15.4,806.3687542
15.44,812.4980773
15.48,819.169082
15.49462029,821.6090443
15.52,825.3452244
15.55433408,830.3043683
15.56,831.1141432
15.6,836.8309644
15.64,842.5534995
15.660625,845.5090308
15.68,848.2889097
15.71,852.5938055
15.72,854.0285638
15.76,859.7648817
15.8,865.5029974
15.84,871.229761
15.88,876.9392147
15.92,882.6667868
15.96,888.5945365
16,894.5541577
16.04,900.3206951
16.08,905.8784723
16.12,911.2907256
16.16,916.6270476
16.2,921.8722027
16.24,927.1092414
16.28,932.5636538
16.28,932.5636538
16.32,938.022682
16.36,943.375483
16.3863737,946.8503933
16.4,948.6253916
16.44,953.7596455
16.48,958.8538077
16.52,964.1978193
16.56,970.0756638
16.6,976.6247602
16.64,983.9054902
16.68,991.9682756
16.72,1000.777312
16.76,1010.184465
16.8,1018.717808
16.84,1022.068394
16.88,1026.507939
16.92,1030.930794
16.96,1034.618188
17,1037.775519
17.04,1040.655341
17.08,1043.374048
17.12,1045.840146
17.16,1047.748142
17.2,1048.50476
17.23286407,1047.583366
17.24,1047.52756
17.25484838,1049.348001
17.26952063,1052.175467
17.28,1054.081979
17.2937388,1056.251315
17.32,1060.313734
17.36,1067.162457
17.4,1074.582193
17.44,1081.156574
17.48,1087.480801
17.52,1093.834307
17.56,1100.184802
17.6,1106.52247
17.63,1111.268694
17.64,1112.850239
17.68,1119.172317
17.72,1125.490788
17.76,1131.807665
17.8,1138.123014
17.84,1144.433644
17.88,1150.741074
17.92,1157.046461
17.96,1163.351903
18,1169.656101
18.04,1175.957434
18.08,1182.25539
18.12,1188.553898
18.16,1194.852141
18.2,1201.148672
18.20691933,1202.237808
18.24,1207.159869
18.28,1212.925111
18.32,1218.300996
18.36,1221.18883
18.4,1221.709847
18.44,1221.897763
18.48,1222.718132
18.52,1224.114482
18.56,1225.86896
18.6,1227.92902
18.64,1230.178724
18.68,1232.594583
18.72,1235.295684
18.76,1238.255866
18.8,1241.39319
18.84,1244.72187
18.88,1248.484059
18.92,1253.073602
18.96,1257.829269
19,1262.717287
19.04,1267.716262
19.08,1272.78362
19.12,1277.898958
19.16,1283.134897
19.2,1289.088704
19.24,1295.145543
19.28,1301.232409
19.32,1307.319094
19.36,1313.398245
19.4,1319.518159
19.44,1325.680067
19.48,1331.866318
19.52,1338.071564
19.56,1344.297478
19.6,1350.54182
19.64,1356.79754
19.68,1363.061424
19.72,1369.335543
19.76,1375.615229
19.8,1381.900165
19.84,1388.184925
19.88,1394.472407
19.92,1400.757654
19.92,1400.757654
19.96,1407.040274
20,1413.321019
20,1413.321019
20.04,1419.601347
20.08,1425.882112
20.12,1432.162986
20.16,1438.443519
20.2,1444.723638
20.24,1451.004494
20.28,1457.285637
20.32,1463.566541
20.36,1469.84698
20.4,1476.127757
20.44,1482.409119
20.48,1488.690824
20.52,1494.974616
20.56,1501.260029
20.6,1507.550725
20.64,1513.845666
20.68,1520.144593
20.72,1526.445314
20.76,1532.754652
20.8,1539.07448
20.84,1545.404021
20.88,1551.748013
20.92,1558.114661
20.96,1564.503878
21,1570.914925
21.04,1577.355453
21.08,1583.822231
21.12,1590.31496
21.16,1596.834099
21.2,1603.390517
21.24,1609.983758
21.28,1616.640493
21.32,1623.446094
21.36,1630.436119
21.4,1637.621951
21.44,1645.005687
21.48,1652.612331
21.52,1660.48422
21.56,1668.654817
21.6,1677.140922
21.64,1686.088375
21.6625,1691.278854
21.68,1695.021924
21.72,1701.895864
21.76,1708.694476
21.8,1715.56248
21.84,1722.384467
21.88,1729.151266
21.92,1735.876342
21.96,1742.567216
22,1749.228069
22.03,1754.204556
22.04,1755.859603
22.08,1762.461485
22.12,1769.035938
22.16,1775.587234
22.2,1782.119256
22.24,1788.632446
22.28,1795.126612
22.32,1801.602532
22.36,1808.06551
22.38,1811.292517
22.4,1814.515593
22.44,1820.95224
22.48,1827.375236
22.52,1833.788015
22.56,1840.192392
22.6,1846.587748
22.64,1852.972466
22.68,1859.348467
22.72,1865.719275
22.76,1872.084137
22.8,1878.441756
22.84,1884.791732
22.88,1891.137864
22.92,1897.480498
22.96,1903.818074
23,1910.149776
23.04,1916.477481
23.08,1922.803508
23.11274118,1927.996037
23.12,1929.192808
23.16,1935.639292
23.17968466,1938.587218
23.2,1941.031266
23.24,1943.651009
23.28,1944.370923
23.32,1944.824196
23.36,1945.7947
23.4,1947.427545
23.44,1949.53483
23.44,1949.53483
23.48,1951.94875
23.49,1952.60127
23.52,1954.667181
23.56,1957.628868
23.6,1960.776317
23.64,1964.158543
23.68,1967.819621
23.72,1971.696635
23.76,1975.739378
23.8,1979.956426
23.84,1984.412921
23.87,1987.896574
23.88,1989.081132
23.92,1993.909556
23.96,1998.870642
23.97,2000.131447
24,2003.990029
24.04,2009.298195
24.08,2014.753058
24.12,2020.319827
24.13,2021.725699
24.16,2025.99164
24.2,2031.808115
24.24,2037.751016
24.28,2043.783844
24.32,2049.905745
24.36,2056.126126
24.4,2062.427579
24.44,2068.794389
24.48,2075.053239
24.52,2081.263183
24.56,2087.495472
24.6,2093.749209
24.64,2100.010596
24.68,2106.279753
24.72,2112.559751
24.73,2114.129127
24.76,2118.838686
24.8,2125.122175
24.84,2131.405505
24.88,2137.686749
24.92,2143.967846
24.96,2150.247464
24.97875,2153.191619
25,2156.527364
25.04,2162.807661
25.08,2169.087757
25.08916667,2170.526774
25.12,2175.367286
25.16,2181.646691
25.2,2187.92664
25.24,2194.206674
25.24458333,2194.92615
25.28,2200.486469
25.32,2206.765866
25.34625,2210.887431
25.36,2213.045761
25.4,2219.325999
25.44,2225.605588
25.48,2231.88739
25.52,2238.170372
25.56,2244.457784
25.6,2250.748193
25.64,2257.046278
25.68,2263.346164
25.72,2269.656039
25.76,2275.9798
25.8,2282.316481
25.8225,2285.888092
25.84,2288.673764
25.88,2295.120815
25.92,2301.721234
25.96,2308.45484
25.96,2308.45484
26,2315.287012
26.01,2317.010054
26.04,2322.223527
26.08,2329.297538
26.12,2336.481335
26.16,2343.748857
26.2,2351.089363
26.24,2358.499489
26.28,2365.960441
26.32,2373.468441
26.36,2381.039345
26.4,2388.661393
26.44,2396.314531
26.48,2403.984943
26.52,2411.626835
26.56,2419.161021
26.6,2426.400786
26.61718018,2429.285257
26.64,2433.801207
26.68,2441.20178
26.72,2447.135274
26.76,2452.607704
26.8,2458.149599
26.84,2463.787921
26.88,2469.480349
26.92,2475.212511
26.96,2480.98303
27,2486.789251
27.04,2492.628157
27.08,2498.498544
27.12,2504.400979
27.16,2510.332964
27.2,2516.290588
27.24,2522.269945
27.28,2528.271348
27.32,2534.294868
27.36,2540.337688
27.4,2546.396449
27.44,2552.469803
27.48,2558.560581
27.52,2564.666419
27.56,2570.78445
27.6,2576.912699
27.64,2583.053173
27.68,2589.205699
27.72,2595.367724
27.76,2601.536858
27.8,2607.713668
27.84,2613.900175
27.88,2620.094501
27.92,2626.294433
27.96,2632.498469
28,2638.709869
28.04,2644.927734
28.08,2651.149927
28.11553539,2656.967234
28.12,2657.736293
28.13779201,2660.829621
28.16,2664.643109
28.2,2669.98026
28.24,2672.5969
28.28,2673.632331
28.32,2674.483303
28.36,2675.863769
28.4,2677.839543
28.44,2680.138296
28.48,2682.651341
28.52,2685.356966
28.56,2688.199337
28.6,2691.174769
28.64,2694.373055
28.68,2697.786218
28.72,2701.353223
28.76,2705.036528
28.8,2708.887182
28.84,2712.939771
28.88,2717.141386
28.9,2719.283175
28.92,2721.450492
28.96,2725.869269
29,2730.464915
29.04,2735.230024
29.08,2740.108493
29.12,2745.076041
29.16,2750.174381
29.2,2755.434364
29.24,2760.81101
29.28,2766.278881
29.32,2771.88222
29.36,2777.611848
29.4,2783.423386
29.44,2789.324118
29.48,2795.295859
29.52,2801.321504
29.56,2807.384958
29.6,2813.473405
29.64,2819.585163
29.68,2825.723464
29.72,2831.8785
29.76,2838.049493
29.8,2844.236405
29.84,2850.433112
29.88,2856.639531
29.92,2862.853342
29.96,2869.074645
30,2875.300703
30.04,2881.533482
30.05,2883.097391
30.08,2887.800133
30.10125,2891.136006
30.12,2894.078602
30.16,2900.359935
30.2,2906.642098
30.24,2912.924011
30.28,2919.206367
30.31,2923.9193
30.32,2925.489668
30.36,2931.77344
30.4,2938.056337
30.44,2944.340538
30.45,2945.911683
30.48,2950.626109
30.52,2956.914096
30.56,2963.205101
30.6,2969.501068
30.64,2975.798273
30.67,2980.525676
30.68,2982.101997
30.71083333,2986.955586
30.72,2988.396126
30.76,2994.628277
30.8,3000.790497
30.84,3006.905243
30.88,3012.993467
30.92,3019.06793
30.94,3022.097799
30.96,3025.120633
31,3031.17756
31.04,3037.243094
31.0425,3037.620275
31.08,3043.260062
31.12,3049.264145
31.16,3055.272442
31.2,3061.286113
31.24,3067.271583
31.28,3073.189084
31.32,3079.080653
31.36,3084.94723
31.4,3090.768239
31.44,3096.548268
31.48,3102.285718
31.52,3107.975843
31.56,3113.32093
31.57352599,3115.036209
31.6,3118.236397
31.64,3122.462233
31.68,3125.986266
31.72,3129.05919
31.76,3131.781422
31.79218701,3133.695603
31.8,3134.362714
31.80782863,3135.13316
31.84,3138.336324
31.88,3141.628663
31.92,3144.928179
31.96,3148.959953
32,3152.896034
32.04,3157.723897
32.08,3163.896597
32.12,3170.312109
32.16,3176.573267
32.2,3182.895011
32.24,3189.218245
32.28,3195.544617
32.32,3201.948021
32.36,3208.378968
32.4,3214.78733
32.44,3221.158673
32.48,3227.499938
32.52,3233.824286
32.56,3240.143887
32.6,3246.459902
32.64,3252.773478
32.68,3259.096871
32.72,3265.428566
32.76,3271.752564
32.8,3278.058853
32.84,3284.349136
32.88,3290.63043
32.92,3296.907485
32.96,3303.182122
33,3309.454119
33.04,3315.724558
33.08,3321.993207
33.09,3323.561102
33.12,3328.262405
33.16,3334.533206
33.2,3340.805633
33.24,3347.07747
33.28,3353.348937
33.32,3359.620827
33.36,3365.893333
33.4,3372.164447
33.44,3378.435079
33.48,3384.706568
33.52,3390.978859
33.56,3397.250955
33.6,3403.52189
33.64,3409.793809
33.68,3416.066621
33.72,3422.3398
33.76,3428.612759
33.7675,3429.789689
33.8,3434.886064
33.84,3441.156162
33.87,3445.859485
33.88,3447.426508
33.92,3453.694261
33.96,3459.963105
34,3466.231832
34.04,3472.504166
34.06166667,3475.903133
34.08,3478.781863
34.12,3485.065998
34.16,3491.361403
34.2,3497.670041
34.24,3503.991497
34.28,3510.327846
34.32,3516.681663
34.36,3523.054827
34.4,3529.44439
34.44,3535.850419
34.48,3542.277224
34.52,3548.726588
34.56,3555.200326
34.6,3561.703616
34.64,3568.237885
34.68,3574.803231
34.72,3581.408958
34.76,3588.062086
34.8,3594.76334
34.84,3601.525063
34.88,3608.566143
34.92,3616.186246
34.9377474,3619.766797
34.96,3623.782931
35,3629.622749
35.04,3635.359177
35.08,3641.463847
35.12,3647.747817
35.16,3654.059882
35.2,3660.349299
35.24,3666.629054
35.28,3672.90862
35.32,3679.188365
35.36,3685.467372
35.4,3691.746104
35.44,3698.025284
35.48,3704.30487
35.52,3710.583489
35.52,3710.583489
35.56,3716.86149
35.6,3723.139854
35.64,3729.418543
35.68,3735.697041
35.72,3741.974599
35.76,3748.252306
35.8,3754.530741
35.84,3760.809112
35.85,3762.378172
35.88,3767.08675
35.92,3773.363772
35.96,3779.641392
36,3785.919361
36.04,3792.197079
36.08,3798.473788
36.1075,3802.789973
36.12,3804.751055
36.16,3811.028879
36.16,3811.028879
36.2,3817.306552
36.24,3823.583346
36.28,3829.859944
36.32,3836.137192
36.36,3842.414758
36.3925,3847.514345
36.4,3848.72446
36.44,3855.034026
36.46288444,3858.507061
36.48,3861.000766
36.52,3866.504089
36.53937911,3868.839277
36.56,3870.605848
36.6,3871.715989
36.64,3871.083234
36.68,3871.256677
36.72,3872.915042
36.76,3875.220217
36.8,3877.442984
36.84,3879.644194
36.88,3882.087696
36.92,3884.942628
36.96,3888.129601
37,3891.445841
37.04,3894.895339
37.08,3898.59304
37.12,3902.485356
37.16,3906.51269
37.2,3910.760215
37.24,3915.208694
37.28,3919.772899
37.32,3924.448435
37.36,3929.354478
37.4,3934.417089
37.44,3939.574934
37.48,3944.906276
37.52,3950.385693
37.56,3955.95029
37.6,3961.64597
37.64,3967.460076
37.68,3973.367244
37.71,3977.874913
37.72,3979.389242
37.76,3985.499471
37.8,3991.656936
37.84,3997.837329
37.87,4002.484333
37.88,4004.034898
37.9,4007.14263
37.92,4010.254976
37.96,4016.48807
38,4022.728324
38.04,4028.978218
38.08,4035.23406
38.12,4041.49615
38.16,4047.763592
38.2,4054.035777
38.24,4060.313924
38.28,4066.584212
38.32,4072.846083
38.36,4079.105572
38.4,4085.364882
38.44,4091.624376
38.48,4097.883425
38.48,4097.883425
38.50124349,4101.207205
38.52,4104.141812
38.53187826,4106.000568
38.56,4110.400171
38.6,4116.658569
38.64,4122.917792
38.68,4129.181993
38.72,4135.452523
38.76,4141.727881
38.8,4148.009956
38.84,4154.300717
38.88,4160.604938
38.92,4166.920813
38.96,4173.251918
39,4179.594778
39.04,4185.951202
39.08,4192.339727
39.12,4198.798116
39.16,4205.343842
39.2,4211.980077
39.24,4218.745512
39.28,4225.628371
39.32,4232.642546
39.36,4239.704889
39.4,4246.761714
39.44,4253.80954
39.48,4260.850638
39.52,4267.882882
39.56,4274.909271
39.6,4281.941354
39.64,4288.971256
39.68,4295.99623
39.72,4303.022828
39.76,4310.034603
39.8,4317.009613
39.84,4323.903946
39.88,4330.592793
39.92,4337.384104
39.92643079,4338.536486
39.96,4344.26368
40,4350.620429
40.04,4356.705849
40.08,4362.770335
40.12,4368.876803
40.16,4375.0021
40.17,4376.535894
40.2,4381.137711
40.24,4387.282532
40.28,4393.434869
40.32,4399.593548
40.36,4405.762211
40.4,4411.939182
40.44,4418.122288
40.48,4424.309691
40.52,4430.503387
40.56,4436.704248
40.6,4442.910422
40.64,4449.119119
40.68,4455.33089
40.69,4456.886231
40.72,4461.548831
40.76,4467.771284
40.8,4473.996095
40.84,4480.222043
40.88,4486.452175
40.92,4492.6866
40.96,4498.922876
41,4505.159697
41,4505.159697
41.04,4511.398291
41.08,4517.640855
41.12,4523.885823
41.16,4530.131188
41.2,4536.376037
41.24,4542.624369
41.28,4548.8751
41.31,4553.562698
41.32,4555.126408
41.36,4561.376963
41.4,4567.985656
41.44,4574.374765
41.48,4579.66905
41.52,4584.020934
41.56,4587.900146
41.6,4591.630069
41.64,4595.345685
41.68,4599.097336
41.72,4603.645253
41.76,4608.829104
41.8,4613.84591
41.84,4618.277913
41.88,4622.085708
41.92,4625.442855
41.96,4628.524983
42,4631.569658
42.04,4634.835927
42.08,4638.371057
42.12,4642.075207
42.16,4645.90218
42.2,4649.891286
42.24,4654.063201
42.28,4658.409544
42.32,4662.933049
42.36,4667.571917
42.4,4672.286547
42.44,4677.117754
42.48,4682.04633
42.52,4687.05453
42.56,4692.168269
42.6,4697.35869
42.64,4702.608373
42.68,4707.890165
42.72,4713.183145
42.76,4718.468366
42.8,4723.732142
42.84,4728.97276
42.88,4734.200004
42.92,4739.40016
42.96,4744.558127
43,4749.679414
43.0225,4752.538891
43.04,4754.752959
43.08,4759.771809
43.12,4764.735149
43.16,4769.635691
43.2,4774.465359
43.23515625,4778.696024
43.24,4779.436113
43.26281004,4782.982538
43.28,4785.642965
43.32,4791.843787
43.36,4798.065611
43.38166667,4801.439887
43.4,4804.297482
43.44,4810.532107
43.48,4816.767766
43.52,4823.005029
43.56,4829.245752
43.6,4835.159579
43.63396586,4839.899045
43.64,4840.710787
43.68,4845.912959
43.72,4850.983908
43.76,4856.083554
43.8,4861.249479
43.84,4866.499973
43.88,4871.850852
43.92,4877.304827
43.96,4882.847164
44,4888.49402
44.04,4894.224576
44.08,4899.99736
44.12,4905.839568
44.16,4911.730887
44.2,4917.650809
44.24,4923.606545
44.28,4929.527801
44.32,4935.428383
44.36,4941.285817
44.4,4947.118467
44.44,4952.887656
44.48,4958.606921
44.52,4964.225051
44.56,4969.568937
44.6,4974.645427
44.64,4979.329188
44.68,4983.900863
44.72,4988.597982
44.76,4993.555641
44.78088542,4996.274813
44.8,4998.847118
44.84,5004.481192
44.88,5010.540985
44.92,5016.846043
44.93419573,5018.348195
44.96,5020.65004
45,5024.366327
45.04,5029.291601
45.08,5034.127765
45.08710518,5034.934244
45.12,5039.725456
45.16,5045.88116
45.2,5052.094336
45.24,5058.324128
45.28,5064.563292
45.31073825,5069.361809
45.32,5070.807422
45.36,5077.053464
45.36,5077.053464
45.4,5083.298684
45.4,5083.298684
45.44,5089.543604
45.48,5095.789474
45.52,5102.036851
45.56,5108.28363
45.6,5114.529949
45.64,5120.778021
45.68,5127.026977
45.72,5133.276217
45.76,5139.524951
45.8,5145.774017
45.84,5152.024317
45.88,5158.275678
45.92,5164.528736
45.96,5170.781993
45.98125,5174.107028
46,5177.039027
46.04,5183.297305
46.08,5189.552031
46.12,5195.801709
46.16,5202.05015
46.2,5208.305527
46.24,5214.573707
46.28,5220.858364
46.31125,5225.781365
46.32,5227.162142
46.36,5233.48874
46.4,5239.834024
46.44,5246.199466
46.48,5252.590045
46.52,5259.003743
46.56,5265.438702
46.6,5271.899414
46.64,5278.385355
46.68,5284.896232
46.72,5291.436645
46.76,5298.010103
46.8,5304.616179
46.84,5311.258731
46.88,5317.946968
46.92,5324.771131
46.96,5331.885859
47,5339.375969
47.04,5347.329058
47.08,5355.816968
47.12,5363.262841
47.12965428,5364.782422
47.16,5369.4441
47.2,5375.675126
47.24,5382.03713
47.28,5388.441541
47.32,5394.832209
47.36,5401.202264
47.4,5407.561335
47.44,5413.914315
47.48,5420.259318
47.4846875,5421.002687
47.52,5426.596095
47.56,5432.928024
47.6,5439.255424
47.64,5445.577225
47.68,5451.892936
47.6925,5453.866505
47.72,5458.203187
47.745,5462.148638
47.76,5464.512034
47.8,5470.817068
47.84,5477.116303
47.88,5483.412392
47.92,5489.706392
47.96,5495.998631
48,5502.287804
48.0025,5502.680829
48.04,5508.572814
48.0553125,5510.980501
48.08,5514.856583
48.12,5521.139395
48.16,5527.419884
48.2,5533.698319
48.24,5539.974391
48.28,5546.250072
48.3125,5551.349257
48.32,5552.52521
48.36,5558.798557
48.4,5565.068809
48.44,5571.33888
48.47,5576.042675
48.48,5577.609389
48.52,5583.878862
48.56,5590.207243
48.58459274,5594.062025
48.6,5596.460664
48.60942955,5597.905368
48.64,5602.151627
48.68,5606.666712
48.72,5610.404427
48.76,5614.348167
48.8,5619.40878
48.81334068,5621.099008
48.84,5624.032681
48.88,5627.60245
48.92,5630.937222
48.96,5634.919295
49,5639.42265
49.04,5644.042839
49.08,5648.639942
49.12,5653.268521
49.16,5658.027973
49.2,5662.976848
49.24,5668.041996
49.28,5673.160775
49.32,5678.375153
49.36,5683.709341
49.4,5689.11817
49.44,5694.562766
49.48,5700.078386
49.52,5705.679498
49.56,5711.331304
49.6,5717.05373
49.64,5722.85347
49.68,5728.707171
49.72,5734.631115
49.76,5740.637028
49.8,5746.706258
49.84,5752.84702
49.84,5752.84702
49.88,5759.03665
49.92,5765.252101
49.92,5765.252101
49.96,5771.48477
50,5777.725485
50.04,5783.970943
50.08,5790.224241
50.12,5796.483014
50.16,5802.745337
50.2,5809.012703
50.24,5815.284116
50.28,5821.560164
50.32,5827.839845
50.36,5834.121387
50.4,5840.40165
50.44,5846.678646
50.48,5852.953628
50.52,5859.227671
50.56,5865.50103
50.6,5871.774501
50.64,5878.047939
50.68,5884.320893
50.72,5890.593162
50.76,5896.865625
50.8,5903.14171
50.84,5909.422292
50.88,5915.709252
50.92,5922.004188
50.96,5928.310669
51,5934.630985
51.04,5940.966886
51.08,5947.315941
51.12,5953.683194
51.16,5960.066894
51.2,5966.478173
51.24,5972.936548
51.28,5979.458642
51.32,5986.074395
51.36,5992.824916
51.4,5999.708502
51.44,6006.73887
51.48,6013.839807
51.52,6020.945259
51.56,6028.046809
51.6,6035.145193
51.64,6042.240575
51.68,6049.339963
51.72,6056.445181
51.76,6063.560347
51.8,6070.685143
51.84,6077.822567
51.88,6084.965789
51.92,6092.098015
51.96,6099.198156
52,6106.189118
52.04,6113.103293
52.08,6120.138261
52.12,6126.567366
52.1325,6128.50212
52.16,6132.682661
52.2,6138.761689
52.24,6144.882079
52.28,6151.019997
52.32,6157.167858
52.32910156,6158.568156
52.36,6163.324176
52.4,6169.491275
52.44,6175.665918
52.48,6181.846377
52.52,6188.034871
52.54,6191.133979
52.56,6194.231781
52.6,6200.435074
52.64,6206.642041
52.66,6209.747899
52.68,6212.853578
52.72,6219.07225
52.74,6222.183421
52.76,6225.29632
52.8,6231.523559
52.84,6237.752751
52.88,6243.987186
52.92,6250.226379
52.96,6256.468119
53,6262.710976
53.04,6268.956436
53.08,6275.206295
53.12,6281.45897
53.16,6287.712415
53.2,6293.96577
53.24,6300.22309
53.28,6306.483187
53.31,6311.177802
53.32,6312.744061
53.36,6319.004438
53.4,6325.266806
53.44,6331.532195
53.48,6337.79893
53.52,6344.165819
53.56,6350.789352
53.6,6356.914419
53.64,6361.921843
53.66230656,6364.336103
53.68,6366.129961
53.69,6367.109499
53.72,6369.961197
53.76,6373.686668
53.8,6377.402432
53.84,6381.212472
53.84058919,6381.28175
53.88,6386.359468
53.92,6391.877395
53.96,6397.145174
54,6401.87492
54.04,6406.054896
54.08,6409.809703
54.12,6413.31797
54.16,6416.831054
54.2,6420.56763
54.24,6424.538757
54.28,6428.65262
54.32,6432.876663
54.36,6437.187533
54.4,6441.557534
54.44,6446.016937
54.48,6450.588922
54.52,6455.276386
54.56,6460.129717
54.6,6465.162891
54.64,6470.311108
54.68,6475.554768
54.72,6480.882957
54.76,6486.270391
54.8,6491.708886
54.84,6497.176924
54.88,6502.660914
54.92,6508.142364
54.96,6513.608796
54.98,6516.339482
55,6519.068201
55.04,6524.526269
55.08,6529.961275
55.12,6535.36812
55.16,6540.752458
55.2,6546.100089
55.24,6551.411015
55.28,6556.674826
55.32,6562.347047
55.36,6568.574225
55.4,6574.815013
55.44,6581.068501
55.48,6587.326836
55.52,6593.587165
55.56,6599.849194
55.6,6606.111588
55.64,6612.374448
55.68,6618.638081
55.72,6624.904831
55.76,6631.17278
55.8,6637.442186
55.84,6643.714709
55.88,6649.985825
55.92,6656.261501
55.96,6662.554131
56,6668.859788
56.04,6675.173671
56.05,6676.749167
56.08,6681.466687
56.12,6687.745871
56.16,6694.023402
56.2,6700.291515
56.24,6706.544625
56.28,6712.789864
56.32,6719.027631
56.36,6725.230894
56.4,6731.371551
56.44,6737.446023
56.48,6743.407619
56.52,6749.280537
56.56,6755.153748
56.6,6761.108536
56.64,6767.01345
56.68,6772.836372
56.72,6778.648568
56.72,6778.648568
56.76,6784.453619
56.77929625,6787.078027
56.8,6789.818606
56.84,6794.789776
56.88,6799.274166
56.92,6803.53148
56.96,6807.588835
57,6811.40699
57.04,6814.909147
57.08,6818.079505
57.12,6821.310341
57.16,6825.214757
57.2,6830.052784
57.24,6834.305853
57.2786967,6839.05651
57.28,6839.241573
57.32,6845.036392
57.36,6850.855607
57.4,6856.692572
57.44,6862.551868
57.48,6868.420056
57.52,6874.372861
57.56,6880.388857
57.6,6886.463834
57.64,6892.584462
57.68,6898.72725
57.72,6904.876627
57.76,6911.028683
57.8,6917.189322
57.81,6918.731989
57.84,6923.359962
57.88,6929.528604
57.92,6935.69661
57.96,6941.92172
57.96,6941.92172
58,6948.180527
58.04,6954.45008
58.08,6960.721816
58.12,6966.991114
58.16,6973.259403
58.2,6979.531701
58.24,6985.807275
58.25,6987.375676
58.28,6992.084072
58.3,6995.223846
58.32,6998.363049
58.36,7004.64249
58.4,7010.925139
58.44,7017.205593
58.48,7023.485475
58.52,7029.76466
58.56,7036.042832
58.6,7042.319981
58.64,7048.595904
58.68,7054.871461
58.72,7061.147395
58.76,7067.423743
58.8,7073.699694
58.8175,7076.445216
58.84,7079.974823
58.84875,7081.348307
58.88,7086.250654
58.92,7092.527117
58.95083333,7097.364621
58.96,7098.803243
59,7105.078503
59.04,7111.353705
59.08,7117.62976
59.12,7123.906456
59.16,7130.182299
59.2,7136.45765
59.24,7142.733976
59.28,7149.010923
59.28,7149.010923
59.32,7155.287137
59.36,7161.562912
59.4,7167.838896
59.44,7174.116046
59.48,7180.393095
59.486875,7181.471703
59.52,7186.669493
59.52,7186.669493
59.56,7192.945621
59.6,7199.222384
59.64,7205.500218
59.68,7211.776987
59.72,7218.053321
59.76,7224.330424
59.8,7230.608291
59.83083333,7235.447021
59.84,7236.885937
59.88,7243.162712
59.92,7249.439403
59.96,7255.716978
60,7261.994894
60.04,7268.27249
60.08,7274.549387
60.08875,7275.923172
60.12,7280.827168
60.16,7287.105566
60.2,7293.383263
60.24,7299.660523
60.28,7305.937833
60.32,7312.215904
60.36,7318.494578
60.4,7324.772232
60.44,7331.049512
60.48,7337.327413
60.52,7343.606406
60.52203125,7343.925126
60.56,7349.884261
60.6,7356.161684
60.64,7362.439483
60.68,7368.718392
60.72,7374.997013
60.726875,7376.075923
60.76,7381.274726
60.8,7387.552205
60.84,7393.830527
60.88,7400.10917
60.92,7406.387528
60.96,7412.664997
60.9875,7416.982148
61,7418.943452
61.04,7425.222443
61.08,7431.500783
61.12,7437.778647
61.16,7444.056447
61.2,7450.335002
61.24,7456.614142
61.2475,7457.791083
61.28,7462.892345
61.32,7469.170031
61.36,7475.448302
61.4,7481.727632
61.44,7488.005921
61.48,7494.283728
61.52,7500.561772
61.56,7506.84091
61.6,7513.119836
61.606875,7514.19878
61.64,7519.397915
61.68,7525.76118
61.72,7531.932081
61.76,7537.789039
61.8,7543.623687
61.84,7548.885636
61.88,7553.307964
61.92,7557.062329
61.96,7560.550253
62,7564.142141
62.04,7567.984213
62.05,7568.985996
62.08,7572.088993
62.08,7572.088993
62.12,7576.259305
62.13488494,7577.505013
62.16,7579.162091
62.2,7581.304916
62.24,7584.067936
62.28,7587.606027
62.32,7591.418316
62.36,7595.200383
62.4,7599.034156
62.44,7603.141082
62.48,7607.560368
62.52,7612.114866
62.56,7616.755609
62.6,7621.605876
62.64,7626.678005
62.68,7631.936006
62.72,7637.365207
62.76,7642.941474
62.8,7648.608411
62.84,7654.3639
62.88,7660.238248
62.92,7666.192823
62.96,7672.242995
63,7678.378267
63.04,7684.547679
63.08,7690.735665
63.12,7696.943938
63.16,7703.166128
63.2,7709.396032
63.24,7715.631601
63.28,7721.875715
63.32,7728.124438
63.36,7734.377514
63.4,7740.632905
63.44,7746.891077
63.48,7753.149134
63.48241108,7753.526309
63.52,7759.404052
63.56,7765.65435
63.6,7771.90486
63.64,7778.155858
63.68,7784.406991
63.72,7790.658105
63.76,7796.909295
63.8,7803.161339
63.82,7806.287562
63.84,7809.413945
63.88,7815.666607
63.8846875,7816.399386
63.92,7821.919323
63.96,7828.172637
64,7834.426367
64.04,7840.680448
64.08,7846.934703
64.12,7853.189122
64.14625,7857.294344
64.16,7859.444237
64.2,7865.699656
64.24,7871.955144
64.24940755,7873.426434
64.28,7878.210496
64.32,7884.466179
64.3525,7889.549485
64.36,7890.722384
64.4,7896.978584
64.44,7903.234719
64.48,7909.491055
64.52,7915.747858
64.56,7922.004819
64.6,7928.261389
64.64,7934.517847
64.6625,7938.037648
64.68,7940.774664
64.72,7947.031752
64.76,7953.288865
64.76942708,7954.763458
64.8,7959.545559
64.84,7965.802446
64.88,7972.059431
64.90352702,7975.739464
64.92,7978.316417
64.96,7984.573185
64.9725,7986.528535
65,7990.829613
65.04,7997.086675
65.08,8003.343868
65.12,8009.600765
65.16,8015.857454
65.2,8022.114007
65.24,8028.371084
65.28,8034.628389
65.32,8040.885239
65.36,8047.14174
65.4,8053.398481
65.44,8059.655853
65.48,8065.912618
65.52,8072.169019
65.56,8078.425746
65.5975,8084.291876
65.6,8084.682874
65.64,8090.939842
65.68,8097.19635
65.68,8097.19635
65.72,8103.453031
65.76,8109.709883
65.8,8115.966951
65.84,8122.223578
65.8525,8124.178853
65.88,8128.479868
65.92,8134.736794
65.96,8140.993932
65.990625,8145.784046
66,8147.250764
66.04,8153.507197
66.08,8159.763755
66.12,8166.020639
66.16,8172.277529
66.1625,8172.668564
66.2,8178.534038
66.24,8184.790649
66.28,8191.047603
66.32,8197.304652
66.36,8203.561244
66.4,8209.81762
66.44,8216.074266
66.48,8222.331213
66.52,8228.58806
66.52916667,8230.021831
66.56,8234.844598
66.58140625,8238.193159
66.6,8241.101208
66.64,8247.591417
66.68,8254.52119
66.72,8261.052393
66.76,8267.441862
66.8,8273.589176
66.84,8278.751434
66.88,8282.402449
66.92,8285.151268
66.96,8288.311604
67,8292.34075
67.04,8296.879433
67.08,8301.397646
67.12,8305.838711
67.16,8310.477737
67.2,8315.331385
67.24,8320.315061
67.28,8325.440109
67.32,8330.664165
67.36,8335.966042
67.4,8341.412837
67.44,8346.986895
67.48,8352.662651
67.52,8358.601371
67.56,8364.877519
67.6,8371.310333
67.64,8377.726229
67.68,8384.077644
67.72,8390.374789
67.76,8396.636389
67.8,8402.869185
67.84,8409.116495
67.88,8415.37976
67.92,8421.643327
67.96,8427.907225
68,8434.180508
68.04,8440.491325
68.08,8446.794252
68.12,8453.115428
68.16,8459.425151
68.2,8465.699089
68.24,8471.946594
68.28,8478.178781
68.32,8484.407084
68.36,8490.627648
68.4,8496.84953
68.44,8503.071033
68.48,8509.292165
68.52,8515.513366
68.56,8521.735431
68.6,8527.957969
68.64,8534.18022
68.64,8534.18022
68.68,8540.401612
68.72,8546.6235
68.76,8552.846288
68.8,8559.068684
68.84,8565.290243
68.88,8571.511948
68.92,8577.734413
68.96,8583.95748
69,8590.179127
69,8590.179127
69.04,8596.401201
69.07,8601.068698
69.08,8602.623911
69.12,8608.846786
69.16,8615.069136
69.2,8621.290894
69.24,8627.513239
69.28,8633.736248
69.32,8639.822398
69.36,8645.738973
69.4,8650.859624
69.44,8654.982917
69.48,8658.427949
69.52,8661.515842
69.56,8664.517378
69.6,8667.578118
69.64,8670.72801
69.68,8674.015159
69.72,8677.412565
69.76,8680.919793
69.8,8684.564349
69.84,8688.308807
69.88,8692.1488
69.92,8696.131485
69.96,8700.236781
70,8704.438292
70.028125,8707.476029
70.04,8709.134382
70.08,8715.072081
70.12,8720.955236
70.16,8726.791509
70.2,8732.71452
70.24,8738.71363
70.2700615,8743.232201
70.28,8744.724328
70.32,8750.730799
70.36,8756.753629
70.4,8762.801061
70.44,8768.843972
70.48,8774.859672
70.52,8780.891227
70.53,8782.414149
70.56,8787.008937
70.6,8793.16219
70.64,8799.337807
70.68,8805.528434
70.691875,8807.366872
70.72,8811.722797
70.76,8817.914662
70.8,8824.109844
70.84,8830.312804
70.88,8836.51217
70.92,8842.717111
70.96,8848.919633
71,8855.123355
71.04,8861.315376
71.08,8867.495009
71.12,8873.672732
71.16,8879.852747
71.2,8886.035144
71.24,8892.219319
71.28,8898.404612
71.32,8904.591099
71.33,8906.138152
71.36,8910.778996
71.4,8916.96798
71.44,8923.157718
71.48,8929.347824
71.52,8935.538941
71.56,8941.730942
71.590625,8946.471848
71.6,8947.923275
71.64,8954.115817
71.68,8960.30869
71.72,8966.502227
71.76,8972.696148
71.7625,8973.083231
71.8,8978.89008
71.84,8985.084165
71.8675,8989.343197
71.88,8991.27877
71.92,8997.473612
71.96,9003.669698
72,9009.875376
72.04,9016.10343
72.08,9022.362936
72.12,9028.636502
72.15083333,9033.46077
72.16,9034.894453
72.2,9041.148205
72.24,9047.420153
72.28,9053.707678
72.32,9060.012518
72.3325,9061.987345
72.36,9066.331077
72.4,9072.645848
72.44,9078.958834
72.48,9085.287842
72.52,9091.637991
72.56,9098.003725
72.6,9104.39015
72.64,9110.802656
72.68,9117.241081
72.72,9123.708414
72.76,9130.200153
72.8,9136.711213
72.84,9143.236213
72.88,9149.767427
72.92,9156.262516
72.945,9160.257086
72.96,9162.625126
72.99,9167.316373
73,9168.871882
73.04,9175.066326
73.08,9181.244389
73.1040625,9184.963212
73.12,9187.425196
73.16,9193.612185
73.19250091,9198.641149
73.2,9199.802922
73.24,9205.996643
73.28,9212.193164
73.32,9218.392235
73.36,9224.592133
73.3625,9224.979663
73.4,9230.791714
73.44,9236.992382
73.46664063,9241.124281
73.48,9243.1948
73.5025,9246.683472
73.52,9249.398123
73.56,9255.600897
73.6,9261.803782
73.64,9268.00785
73.675,9273.43859
73.68,9274.214027
73.72,9280.419818
73.76,9286.624643
73.8,9292.83079
73.84,9299.038622
73.88,9305.246133
73.92,9311.453933
73.9325,9313.394361
73.96,9317.661819
74,9323.871233
74.035,9329.30613
74.04,9330.081891
74.08,9336.292484
74.12,9342.50223
74.16,9348.712459
74.2,9354.924244
74.24,9361.136562
74.25609375,9363.634331
74.28,9367.592257
74.28,9367.592257
74.32,9374.05105
74.36,9380.331748
74.4,9386.533762
74.44,9392.557472
74.48,9397.887435
74.52,9402.245838
74.56,9406.084966
74.6,9409.937306
74.64,9414.064861
74.68,9418.454504
74.71,9421.873741
74.72,9423.023102
74.76,9427.63175
74.8,9432.25864
74.84,9436.960481
74.88,9441.281705
74.92,9445.31847
74.96,9449.68428
75,9454.4494
75.04,9459.317162
75.08,9464.239751
75.12,9469.287137
75.16,9474.464476
75.2,9479.780095
75.24,9485.23343
75.28,9490.768499
75.32,9496.375636
75.36,9502.103204
75.4,9507.955009
75.44,9513.893047
75.48,9519.910879
75.52,9526.010869
75.53,9527.545734
75.56,9532.174004
75.6,9538.383449
75.64,9544.621318
75.68,9550.877767
75.72,9557.145736
75.76,9563.418432
75.8,9569.693299
75.84,9575.967487
75.88,9582.239501
75.92,9588.507747
75.96,9594.771896
76,9601.033453
76.04,9607.291226
76.08,9613.542171
76.12,9619.784677
76.16,9626.025324
76.2,9632.265725
76.24,9638.505723
76.28,9644.745722
76.32,9650.987159
76.36,9657.231183
76.4,9663.476941
76.44,9669.722859
76.4575,9672.456021
76.48,9675.969397
76.48875,9677.336826
76.50875,9680.461526
76.52,9682.218401
76.56,9688.469171
76.56,9688.469171
76.6,9694.720052
76.64,9700.971551
76.68,9707.224378
76.72,9713.481293
76.76,9719.740196
76.8,9726.006001
76.84,9732.280857
76.88,9738.559134
76.92,9744.849553
76.96,9751.145893
77,9757.45329
77.04,9763.774534
77.08,9770.098355
77.08544551,9770.960016
77.12,9776.426425
77.13,9778.004493
77.16,9782.715689
77.2,9788.955861
77.24,9795.171479
77.28,9801.375299
77.32,9807.566517
77.36,9813.734336
77.4,9819.826351
77.44,9825.850125
77.48,9831.772336
77.52,9837.583675
77.56,9843.304747
77.6,9848.899237
77.64,9854.38264
77.68,9859.766011
77.7,9862.409141
77.72,9865.015278
77.75,9868.863034
77.76,9870.130692
77.8,9875.133627
77.84,9880.009502
77.88,9884.765327
77.92,9889.542779
77.96,9894.496644
78,9899.768476
78.04,9905.441063
78.08,9911.540493
78.12,9917.419602
78.16,9923.576317
78.18798859,9928.09619
78.2,9930.151673
78.24,9936.509259
78.28,9942.884508
78.32,9949.090819
78.36,9955.262155
78.36501574,9956.040554
78.38501574,9959.148941
78.4,9961.480667
78.44,9967.709133
78.48,9973.943452
78.52,9980.181192
78.52234375,9980.546743
78.56,9986.42109
78.6,9992.662507
78.64,9998.905085
78.68,10005.14894
78.7,10008.2709
78.72,10011.39353
78.76,10017.63863
78.7725,10019.59056
78.8,10023.88425
78.84,10030.13095
78.88,10036.37803
78.92,10042.62504
78.96,10048.87232
79,10055.1202
79.02680233,10059.30705
79.04,10061.36856
79.06364532,10065.06192
79.08,10067.617
79.12,10073.86564
79.16,10080.11473
79.2,10086.3641
79.24,10092.61437
79.28,10099.03722
79.32,10105.55852
79.36,10111.77495
79.4,10117.19005
79.44,10121.99321
79.48,10126.60429
79.52,10131.26038
79.56,10137.13711
79.6,10143.46106
79.64,10149.79671
79.68,10156.12426
79.72,10162.46258
79.76,10168.81439
79.8,10175.1641
79.84,10181.50691
79.85,10183.09357
79.88,10187.85319
79.92,10194.19705
79.96,10200.53382
80,10206.8648
80.04,10213.2068
80.08,10219.4321
80.12,10225.69285
80.16,10232.07424
80.2,10238.52951
80.24,10244.97979
80.28,10251.40866
80.32,10257.78669
80.36,10264.13068
80.4,10270.45834
80.44,10276.78265
80.48,10283.11154
80.52,10289.44373
80.56,10295.7712
80.57125,10297.55089
80.6,10302.10678
80.64,10308.44707
80.68,10314.75587
80.72,10321.06199
80.72,10321.06199
80.7325,10323.03689
80.76,10327.37217
80.8,10333.65915
80.83,10338.34836
80.84,10339.90685
80.88,10346.1393
80.92,10352.3755
80.96,10358.61098
81,10364.85015
81.04,10371.09062
81.08,10377.33099
81.11,10382.01169
81.12,10383.57211
81.16,10389.81474
81.2,10396.05824
81.24,10402.3016
81.28,10408.54416
81.32,10414.78737
81.36,10421.03156
81.4,10427.27534
81.44,10433.51819
81.47,10438.20044
81.48,10439.76106
81.49,10441.3223
81.52,10446.00484
81.56,10452.24948
81.6,10458.49289
81.64,10464.73556
81.68,10470.97913
81.72,10477.22325
81.76,10483.46715
81.78,10486.58795
81.8,10489.70977
81.84,10495.95283
81.88,10502.19732
81.92,10508.44132
81.96,10514.68456
82,10520.92808
82.04,10527.17247
82.08,10533.41692
82.12,10539.66052
82.1425,10543.17223
82.16,10545.90313
82.2,10552.14724
82.24,10558.39189
82.28,10564.63535
82.32,10570.8783
82.36,10577.1216
82.4,10583.36573
82.44,10589.61014
82.4525,10591.56031
82.48,10595.85257
82.52,10602.09523
82.5296875,10603.60786
82.56,10608.33912
82.6,10614.58328
82.64,10620.8265
82.68,10627.06888
82.72,10633.3121
82.76,10639.55633
82.8,10645.80004
82.84,10652.04183
82.88,10658.28461
82.92,10664.52838
82.94,10667.64955
82.96,10670.77213
83,10677.01483
83.02,10680.13622
83.04,10683.25645
83.0725,10688.33038
83.08,10689.50008
83.12,10695.74424
83.1225,10696.13414
83.16,10701.9868
83.2,10708.22901
83.24,10714.47169
83.28,10720.71537
83.32,10726.95881
83.33,10728.51903
83.36,10733.20076
83.4,10739.44289
83.4325,10744.51657
83.44,10745.68625
83.48,10751.92979
83.52,10758.17356
83.56,10764.41541
83.6,10770.65754
83.64,10776.90108
83.64,10776.90108
83.68,10783.14493
83.72,10789.38704
83.76,10795.62821
83.8,10801.87109
83.84,10808.11469
83.88,10814.35748
83.92,10820.5983
83.95,10825.28056
83.96,10826.84028
84,10833.08358
84.04,10839.32661
84.08,10845.56794
84.08,10845.56794
84.12,10851.80887
84.16,10858.05148
84.2,10864.29472
84.24,10870.53683
84.26,10873.65676
84.28,10876.77682
84.32,10883.01868
84.36,10889.26165
84.4,10895.50414
84.44,10901.7447
84.48,10907.98558
84.52,10914.22804
84.56,10920.47044
84.6,10926.71085
84.64,10932.95097
84.68,10939.19477
84.72,10945.44012
84.73,10947.00043
84.76,10951.68479
84.8,10957.92906
84.84,10964.17394
84.8625,10967.68611
84.88,10970.41511
84.92,10976.64813
84.96,10982.8733
85,10989.09017
85.04,10995.29772
85.08,11001.49172
85.12,11007.66784
85.16,11013.82539
85.2,11019.97014
85.24,11026.10466
85.28,11032.22206
85.32,11038.32715
85.36,11044.41184
85.4,11050.45977
85.44,11056.45235
85.48,11062.38411
85.52,11068.26901
85.56,11074.15501
85.56,11074.15501
85.6,11080.04416
85.64,11085.94161
85.68,11091.85504
85.72,11097.75333
85.76,11103.55157
85.8,11109.24888
85.84,11114.88556
85.88,11120.45083
85.89,11121.83535
85.92,11125.9914
85.96,11131.55443
86,11137.12861
86.00618197,11137.98933
86.04,11142.66709
86.08,11148.14807
86.12,11153.59458
86.16,11159.00057
86.1675,11160.01125
86.2,11164.37452
86.24,11169.71593
86.28,11175.02244
86.32,11180.29003
86.36,11185.51509
86.3772107,11187.79625
86.4,11191.35783
86.44,11197.58835
86.48,11203.82802
86.52,11210.08046
86.56,11216.33895
86.6,11222.60068
86.61,11224.16617
86.64,11228.8639
86.68,11235.12736
86.72,11241.39101
86.76,11247.65525
86.8,11253.92067
86.8375,11259.7947
86.84,11260.18631
86.88,11266.45159
86.8925,11268.40998
86.92,11272.71714
86.96,11278.98332
86.99,11283.68343
87,11285.2499
87.04,11291.5165
87.07790527,11297.45443
87.08,11297.78263
87.11222812,11302.83199
87.12,11304.04945
87.16,11310.317
87.2,11316.58472
87.24,11322.85189
87.28,11329.11915
87.32,11335.38712
87.36,11341.65534
87.4,11347.92342
87.415,11350.27418
87.44,11354.19128
87.48,11360.45993
87.52,11366.729
87.56,11372.99758
87.6,11379.26586
87.64,11385.53431
87.68,11391.80336
87.72,11398.07287
87.76,11404.34173
87.8,11410.61055
87.84,11416.87983
87.88,11423.14934
87.92,11429.41871
87.96,11435.68756
88,11441.95681
88.04,11448.22699
88.07083333,11453.0598
88.08,11454.49687
88.086875,11455.57443
88.12,11460.76621
88.16,11467.03543
88.2,11473.30525
88.24,11479.57528
88.28,11485.84507
88.32,11492.11449
88.36,11498.38458
88.3975,11504.26326
88.4,11504.65507
88.44,11510.92506
88.48,11517.19467
88.52,11523.46433
88.56,11529.73456
88.6,11536.00513
88.64,11542.27511
88.68,11548.54482
88.72,11554.81501
88.76,11561.08547
88.8,11567.35575
88.84,11573.62527
88.88,11579.89536
88.92,11586.1661
88.96,11592.43668
89,11598.70667
89.04,11604.97653
89.08,11611.24789
89.12,11617.52085
89.16,11623.7934
89.2,11630.0702
89.24,11636.34489
89.28,11642.62632
89.32,11648.91709
89.36,11655.23302
89.4,11661.56578
89.44,11667.90451
89.48,11674.23258
89.52,11680.52076
89.56,11686.79085
89.6,11693.05722
89.64,11699.31798
89.68,11705.55881
89.72,11711.7826
89.76,11717.96424
89.8,11724.10546
89.84,11730.16637
89.88,11736.10415
89.92,11741.96276
89.96,11747.88967
90,11753.83613
90.04,11759.73507
90.08,11765.54423
90.12,11771.34589
90.16,11777.25933
90.2,11783.26641
90.24,11789.37378
90.28,11795.63164
90.32,11802.02295
90.36,11808.52044
90.4,11815.10383
90.44,11821.74205
90.48,11828.37054
90.51421215,11833.91771
90.52,11834.81381
90.56,11841.06453
90.6,11848.10453
90.64,11855.13134
90.68,11861.99169
90.72,11868.75384
90.76,11875.47054
90.79291667,11880.97446
90.8,11882.15626
90.84,11888.81352
90.88,11895.44153
90.92,11902.04087
90.96,11908.61307
91,11915.16558
91.04,11921.69541
91.08,11928.2062
91.12,11934.6974
91.16,11941.17209
91.2,11947.63327
91.24,11954.08084
91.28,11960.51422
91.32,11966.93469
91.34583333,11971.07744
91.36,11973.34543
91.4,11979.74712
91.44,11986.13887
91.48,11992.52014
91.52,11998.89421
91.56,12005.26252
91.6,12011.62424
91.64,12017.97786
91.68,12024.32499
91.72,12030.66878
91.76,12037.00844
91.8,12043.34261
91.84,12049.67072
91.88,12055.99645
91.92,12062.31994
91.96,12068.6397
91.97,12070.21833
92,12074.95476
92.04,12081.26693
92.08,12087.57829
92.12,12093.88781
92.16,12100.19392
92.2,12106.49605
92.24,12112.79829
92.28,12119.0999
92.32,12125.39923
92.36,12131.69526
92.4,12137.99051
92.44,12144.28617
92.48,12150.58176
92.52,12156.87263
92.56,12163.16246
92.57,12164.73646
92.6,12169.45355
92.64,12175.74447
92.68,12182.0337
92.72,12188.32032
92.76,12194.60746
92.8,12200.89653
92.84,12207.18247
92.88,12213.46728
92.88,12213.46728
92.92,12219.7515
92.96,12226.03706
93,12232.32269
93.04,12238.60677
93.08,12244.88858
93.12,12251.17198
93.16,12257.45609
93.16,12257.45609
93.19,12262.16787
93.2,12263.73938
93.24,12270.02069
93.28,12276.30211
93.32,12282.58496
93.36,12288.86799
93.4,12295.14924
93.44,12301.4289
93.48,12307.71046
93.52,12313.99278
93.56,12320.27415
93.6,12326.55358
93.64,12332.83388
93.68,12339.11563
93.72,12345.39704
93.76,12351.67667
93.8,12357.95571
93.84,12364.23652
93.88,12370.5179
93.92,12376.79826
93.96,12383.0766
94,12389.35712
94.04,12395.63744
94.07,12400.34738
94.08,12401.91816
94.12,12408.19711
94.16,12414.47604
94.2,12420.75664
94.24,12427.03764
94.28,12433.31727
94.295,12435.67305
94.32,12439.59515
94.32875,12440.96968
94.36,12445.87476
94.38,12449.01549
94.4,12452.15565
94.44,12458.43588
94.48,12464.71416
94.52,12470.99314
94.56,12477.27367
94.6,12483.55434
94.64,12489.83309
94.66,12492.97273
94.68,12496.11107
94.69,12497.68205
94.72,12502.391
94.76,12508.67169
94.8,12514.9514
94.84,12521.22917
94.88,12527.50841
94.92,12533.78896
94.96,12540.06906
95,12546.34747
95.04,12552.62578
95.08,12558.90587
95.12,12565.1865
95.16,12571.46591
95.2,12577.74336
95.24,12584.02281
95.28,12590.30336
95.32,12596.58324
95.36,12602.86128
95.4,12609.13992
95.44,12615.42023
95.48,12621.70162
95.52,12627.97935
95.56,12634.25707
95.6,12640.53698
95.64,12646.81757
95.68,12653.09725
95.72,12659.37505
95.76,12665.65403
95.795,12671.1512
95.8,12671.93555
95.84,12678.21453
95.88,12684.49291
95.88,12684.49291
95.92,12690.77119
95.96,12697.05126
96,12703.33183
96.04,12709.61122
96.08,12715.88871
96.12,12722.16811
96.16,12728.44853
96.16,12728.44853
96.19,12733.15773
96.2,12734.72841
96.24,12741.00657
96.28,12747.28507
96.32,12753.56524
96.36,12759.84579
96.4,12766.12475
96.44,12772.40229
96.48,12778.68188
96.52,12784.9624
96.56,12791.24211
96.6,12797.51999
96.64,12803.79887
96.68,12810.07931
96.72,12816.3595
96.76,12822.63802
96.8,12828.91603
96.84,12835.19588
96.88,12841.47638
96.92,12847.75593
96.96,12854.03353
97,12860.31336
97.04,12866.59303
97.07,12871.30253
97.08,12872.87317
97.12,12879.15158
97.16,12885.43001
97.2,12891.71016
97.24,12897.99073
97.28,12904.26997
97.295,12906.62562
97.32,12910.54749
97.32875,12911.92195
97.36,12916.82677
97.38,12919.96734
97.4,12923.10736
97.44,12929.38731
97.48,12935.66533
97.52,12941.94408
97.56,12948.2244
97.6,12954.50487
97.64,12960.78344
97.66,12963.92299
97.68,12967.06125
97.69,12968.63219
97.72,12973.34103
97.76,12979.62158
97.8,12985.90116
97.84,12992.17881
97.88,12998.45795
97.92,13004.73841
97.96,13011.01842
98,13017.29674
98.04,13023.57498
98.08,13029.85501
98.12,13036.13558
98.16,13042.41493
98.2,13048.69233
98.24,13054.97174
98.28,13061.25226
98.32,13067.5321
98.36,13073.81012
98.4,13080.08873
98.44,13086.36902
98.48,13092.65039
98.52,13098.92811
98.56,13105.20581
98.6,13111.48571
98.64,13117.76629
98.68,13124.04596
98.72,13130.32375
98.76,13136.60274
98.795,13142.09991
98.8,13142.88426
98.84,13149.16324
98.88,13155.44162
98.88,13155.44162
98.92,13161.7199
98.96,13167.99998
99,13174.28055
99.04,13180.55995
99.08,13186.83744
99.12,13193.11685
99.16,13199.39728
99.16,13199.39728
99.19,13204.10649
99.2,13205.67717
99.24,13211.95534
99.28,13218.23386
99.32,13224.51403
99.36,13230.79459
99.4,13237.07357
99.44,13243.35112
99.48,13249.63073
99.52,13255.91126
99.56,13262.19098
99.6,13268.46888
99.64,13274.74778
99.68,13281.02823
99.72,13287.30844
99.76,13293.58697
99.8,13299.865
99.84,13306.14487
99.88,13312.42538
99.92,13318.70495
99.96,13324.98256
100,13331.26241
100.04,13337.5421
100.07,13342.25161
100.08,13343.82226
100.12,13350.10069
100.16,13356.37913
100.2,13362.6593
100.24,13368.93989
100.28,13375.21915
100.295,13377.5748
100.32,13381.49669
100.32875,13382.87114
100.36,13387.77598
100.38,13390.91656
100.4,13394.05659
100.44,13400.33656
100.48,13406.6146
100.52,13412.89337
100.56,13419.1737
100.6,13425.45419
100.64,13431.73278
100.66,13434.87234
100.68,13438.01061
100.69,13439.58156
100.72,13444.29041
100.76,13450.57098
100.8,13456.85057
100.84,13463.12824
100.88,13469.4074
100.92,13475.68788
100.96,13481.96791
101,13488.24625
101.04,13494.52451
101.08,13500.80455
101.12,13507.08514
101.16,13513.36452
101.2,13519.64194
101.24,13525.92137
101.28,13532.2019
101.32,13538.48176
101.36,13544.75979
101.4,13551.03842
101.44,13557.31873
101.48,13563.60012
101.52,13569.87786
101.56,13576.15559
101.6,13582.4355
101.64,13588.7161
101.68,13594.99579
101.72,13601.2736
101.76,13607.55261
101.795,13613.04979
101.8,13613.83414
101.84,13620.11314
101.88,13626.39154
101.88,13626.39154
101.92,13632.66985
101.96,13638.94994
102,13645.23053
102.04,13651.50995
102.08,13657.78746
102.12,13664.06689
102.16,13670.34734
102.16,13670.34734
102.19,13675.05656
102.2,13676.62725
102.24,13682.90544
102.28,13689.18397
102.32,13695.46417
102.36,13701.74475
102.4,13708.02374
102.44,13714.30131
102.48,13720.58094
102.52,13726.86149
102.56,13733.14123
102.6,13739.41915
102.64,13745.69807
102.68,13751.97854
102.72,13758.25877
102.76,13764.53732
102.8,13770.81536
102.84,13777.09525
102.88,13783.37578
102.92,13789.65537
102.96,13795.933
103,13802.21287
103.04,13808.49258
103.07,13813.2021
103.08,13814.77275
103.12,13821.0512
103.16,13827.32966
103.2,13833.60985
103.24,13839.89046
103.28,13846.16974
103.295,13848.5254
103.32,13852.4473
103.32875,13853.82176
103.36,13858.72661
103.38,13861.8672
103.4,13865.00723
103.44,13871.28722
103.48,13877.56528
103.52,13883.84407
103.56,13890.12442
103.6,13896.40493
103.64,13902.68354
103.66,13905.8231
103.68,13908.96138
103.69,13910.53234
103.72,13915.2412
103.76,13921.52179
103.8,13927.80141
103.84,13934.0791
103.88,13940.35827
103.92,13946.63877
103.96,13952.91882
104,13959.19718
104.04,13965.47546
104.08,13971.75552
104.12,13978.03613
104.16,13984.31552
104.2,13990.59296
104.24,13996.87241
104.28,14003.15296
104.32,14009.43284
104.36,14015.7109
104.4,14021.98954
104.44,14028.26987
104.48,14034.55128
104.52,14040.82904
104.56,14047.10678
104.6,14053.38672
104.64,14059.66734
104.68,14065.94705
104.72,14072.22488
104.76,14078.5039
104.795,14084.0011
104.8,14084.78545
104.84,14091.06447
104.88,14097.34289
104.88,14097.34289
104.92,14103.62122
104.96,14109.90132
105,14116.18194
105.04,14122.46137
105.08,14128.7389
105.12,14135.01835
105.16,14141.29882
105.16,14141.29882
105.19,14146.00805
105.2,14147.57875
105.24,14153.85696
105.28,14160.13551
105.32,14166.41572
105.36,14172.69632
105.4,14178.97534
105.44,14185.25292
105.48,14191.53257
105.52,14197.81314
105.56,14204.0929
105.6,14210.37084
105.64,14216.64977
105.68,14222.93026
105.72,14229.21051
105.76,14235.48908
105.8,14241.76714
105.84,14248.04705
105.88,14254.3276
105.92,14260.60721
105.96,14266.88486
106,14273.16474
106.04,14279.44448
106.07,14284.15401
106.08,14285.72467
106.12,14292.00314
106.16,14297.97822
106.2,14303.76875
106.24,14308.78062
106.28,14312.22311
106.32,14313.43844
106.36,14313.69305
106.4,14314.16918
106.44,14315.3403
106.48,14316.83071
106.52,14318.38256
106.56,14319.95354
106.6,14321.61974
106.64,14323.40968
106.68,14325.32415
106.72,14327.40143
106.76,14330.02145
106.8,14333.73845
106.84,14338.11237
106.88,14342.642
106.92,14347.12621
106.96,14351.67144
107,14356.6206
107.04,14362.14204
107.08,14367.96965
107.12,14373.85791
107.16,14379.77412
107.2,14385.70853
107.24,14391.64693
107.28,14397.55996
107.32,14403.43283
107.36,14409.41022
107.4,14415.43213
107.44,14421.43389
107.48,14427.44256
107.52,14433.48291
107.56,14439.55854
107.6,14445.66637
107.64,14451.80025
107.68,14457.95442
107.72,14464.1254
107.76,14470.31062
107.8,14476.50748
107.84,14482.71345
107.88,14488.94716
107.92,14495.19976
107.9525,14500.28768
107.96,14501.4614
108,14507.72795
108.04,14513.99824
108.08,14520.27132
108.12,14526.54914
108.16,14532.83135
108.1929688,14538.00506
108.2,14539.10961
108.24,14545.3892
108.28,14551.66803
108.32,14557.94597
108.36,14564.2218
108.4,14570.49667
108.4225,14574.02681
108.44,14576.77135
108.48,14583.04681
108.52,14589.32211
108.56,14595.59737
108.6,14601.87224
108.63,14606.5798
108.64,14608.14824
108.66,14611.28644
108.68,14614.42462
108.72,14620.7005
108.76,14626.97596
108.8,14633.25188
108.84,14639.52826
108.88,14645.80496
108.92,14652.08142
108.96,14658.35772
108.96875,14659.73117
108.98875,14662.87003
109,14664.63485
109.04,14670.91241
109.08,14677.18927
109.12,14683.46587
109.16,14689.74264
109.2,14696.02042
109.24,14702.2986
109.2475,14703.47564
109.28,14708.57587
109.2975,14711.32276
109.32,14714.853
109.32875,14716.22647
109.34875,14719.3659
109.36,14721.13105
109.4,14727.40891
109.44,14733.68679
109.48,14739.9642
109.52,14746.24252
109.56,14752.52122
109.6,14758.7995
109.64,14765.07727
109.64,14765.07727
109.68,14771.35525
109.72,14777.63362
109.76,14783.91235
109.8,14790.19072
109.815,14792.54551
109.84,14796.4688
109.86625,14800.59003
109.88,14802.74767
109.92,14809.02688
109.96,14815.30536
110,14821.58347
110.04,14827.86159
110.08,14834.14066
110.12,14840.42012
110.125,14841.20498
110.16,14846.69862
110.2,14852.97688
110.20875,14854.35065
110.24,14859.25602
110.28,14865.53552
110.32,14871.81402
110.36,14878.09219
110.4,14884.37089
110.435,14889.86603
110.44,14890.65079
110.48,14896.92986
110.52,14903.20839
110.5375,14905.95596
110.56,14909.48696
110.6,14915.76583
110.64,14922.04576
110.6420313,14922.36462
110.68,14928.32438
110.72,14934.60262
110.745,14938.52806
110.76,14940.88213
110.8,14947.16188
110.84,14953.44082
110.846875,14954.52013
110.88,14959.71928
110.92,14965.9977
110.96,14972.27711
111,14978.5566
111.04,14984.83552
111.08,14991.11418
111.10625,14995.23568
111.12,14997.43551
111.1532389,15002.58214
111.16,15003.42946
111.2,15007.15001
111.24,15008.38873
111.28,15007.54496
111.32,15006.2865
111.36,15005.67281
111.4,15006.02211
111.44,15007.14601
111.48,15008.64826
111.52,15010.30583
111.56,15012.09201
111.6,15014.07344
111.64,15016.2888
111.68,15018.73359
111.71,15020.69506
111.72,15021.37268
111.76,15024.19361
111.8,15027.20836
111.84,15030.47297
111.88,15034.24227
111.92,15038.51607
111.96,15043.03382
112,15047.64816
112.04,15052.33998
112.08,15057.1309
112.12,15062.04183
112.16,15067.06933
112.2,15072.19838
112.24,15077.42774
112.28,15083.00163
112.32,15088.80464
112.36,15094.7013
112.4,15100.63797
112.4,15100.63797
112.44,15106.61541
112.4625,15110.00572
112.48,15112.6984
112.52,15118.95755
112.56,15125.24744
112.6,15131.55826
112.64,15137.87939
112.68,15144.17445
112.72,15150.46269
112.76,15156.74965
112.8,15163.03039
112.84,15169.3141
112.88,15175.61155
112.92,15181.93956
112.96,15188.32835
113,15194.72945
113.04,15201.14717
113.08,15207.57026
113.12,15213.98895
113.16,15220.39948
113.2,15226.7976
113.24,15233.18803
113.2625,15236.77624
113.28,15239.56561
113.3108333,15244.4796
113.32,15245.93935
113.36,15252.30331
113.4,15258.66091
113.43,15263.43049
113.44,15265.01806
113.48,15271.37003
113.52,15277.71476
113.56,15284.05424
113.6,15290.39186
113.64,15296.72481
113.68,15303.05407
113.72,15309.37832
113.74125,15312.74044
113.76,15315.70128
113.8,15322.02284
113.84,15328.34004
113.88,15334.65256
113.88,15334.65256
113.92,15340.96385
113.96,15347.27455
114,15353.58462
114,15353.58462
114.04,15359.88983
114.08,15366.19235
114.12,15372.4959
114.16,15378.79908
114.2,15385.09795
114.24,15391.39495
114.28,15397.69151
114.32,15403.99001
114.36,15410.28589
114.3622917,15410.64651
114.4,15416.57882
114.44,15422.87019
114.48,15429.1624
114.52,15435.45738
114.56,15441.7469
114.6,15448.03512
114.64,15454.32509
114.68,15460.61588
114.72,15466.90477
114.76,15473.1907
114.8,15479.47693
114.84,15485.76431
114.88,15492.05209
114.92,15498.33848
114.9325,15500.30387
114.96,15504.62255
115,15510.90845
115.04,15517.19541
115.08,15523.47945
115.09,15525.04993
115.12,15529.76258
115.12,15529.76258
115.16,15536.04602
115.2,15542.33123
115.24,15548.61742
115.28,15554.89981
115.32,15561.18115
115.36,15567.46431
115.4,15573.74886
115.43,15578.46035
115.44,15580.03242
115.48,15586.31366
115.52,15592.59568
115.5525,15597.70349
115.56,15598.88072
115.6,15605.16379
115.64,15611.44431
115.655,15613.80179
115.68,15617.72507
115.68875,15619.09986
115.72,15624.00755
115.76,15630.29104
115.8,15636.57333
115.84,15642.85336
115.8625,15646.39009
115.88,15649.13595
115.92,15655.41948
115.96,15661.70043
116,15667.98075
116.04,15674.26132
116.08,15680.54394
116.12,15686.82694
116.16,15693.10829
116.1725,15695.07254
116.2,15699.38777
116.2211111,15702.70471
116.24,15705.78707
116.28,15712.59596
116.3024874,15716.55785
116.32,15719.55228
116.36,15725.50684
116.4,15729.38784
116.44,15731.68391
116.48,15733.59148
116.52,15735.98862
116.56,15739.1383
116.6,15742.70839
116.64,15746.34217
116.68,15749.90508
116.72,15753.43756
116.76,15757.0185
116.8,15760.68343
116.84,15764.42533
116.88,15768.2476
116.92,15772.15114
116.96,15776.17206
117,15780.50616
117.04,15785.22177
117.06,15787.66961
117.08,15790.14619
117.11,15793.8891
117.12,15795.13847
117.16,15800.15256
117.2,15805.20635
117.24,15810.32147
117.28,15815.50001
117.32,15820.7397
117.36,15826.042
117.4,15831.40106
117.44,15836.81444
117.48,15842.28609
117.52,15847.81283
117.56,15853.39396
117.6,15859.08707
117.64,15864.99056
117.67,15869.51057
117.68,15871.02466
117.72,15877.10537
117.76,15883.2049
117.8,15889.3218
117.84,15895.45866
117.88,15901.61463
117.92,15907.7887
117.96,15913.97758
118,15920.18255
118.04,15926.40288
118.08,15932.65152
118.12,15938.89108
118.16,15945.14101
118.18,15948.27162
118.2,15951.40259
118.24,15957.66141
118.28,15963.9174
118.32,15970.16732
118.36,15976.41565
118.4,15982.65724
118.44,15988.90383
118.48,15995.15022
118.52,16001.3998
118.56,16007.65569
118.6,16013.91452
118.64,16020.17291
118.68,16026.432
118.72,16032.69475
118.74,16035.82686
118.76,16038.95976
118.8,16045.22505
118.84,16051.48962
118.88,16057.75679
118.92,16064.02643
118.96,16070.29652
119,16076.56577
119.04,16082.8357
119.08,16089.10831
119.12,16095.3822
119.16,16101.65547
119.2,16107.92732
119.24,16114.20182
119.28,16120.47795
119.28,16120.47795
119.32,16126.75388
119.36,16133.02835
119.4,16139.30383
119.44,16145.58147
119.48,16151.85974
119.52,16158.13644
119.56,16164.41223
119.6,16170.69046
119.64,16176.96983
119.68,16183.24854
119.72,16189.52556
119.76,16195.80397
119.8,16202.08417
119.84,16208.36408
119.88,16214.64238
119.92,16220.92054
119.93,16222.49141
119.96,16227.20083
120,16233.48182
120.04,16239.76169
120.08,16246.03978
120.12,16252.31991
120.16,16258.60115
120.2,16264.88193
120.24,16271.16104
120.24,16271.16104
120.28,16277.44052
120.32,16283.72183
120.36,16290.00361
120.4,16296.28388
120.44,16302.56254
120.48,16308.84346
120.52,16315.1254
120.56,16321.40654
120.6,16327.68586
120.64,16333.9662
120.68,16340.24819
120.72,16346.53004
120.76,16352.8101
120.78,16355.95064
120.8,16359.08959
120.84,16365.37128
120.88,16371.65509
120.92,16377.94052
120.96,16384.22779
121,16390.52105
121.04,16396.82078
121.08,16403.12566
121.12,16409.43549
121.16,16415.75375
121.2,16422.08971
121.24,16428.45921
121.28,16434.85858
121.32,16441.2795
121.32,16441.2795
121.36,16447.72419
121.4,16454.19163
121.44,16460.67945
121.48,16467.18641
121.52,16473.71571
121.56,16480.2663
121.6,16486.8359
121.64,16493.42316
121.68,16500.03154
121.72,16506.67749
121.76,16513.36996
121.8,16520.09813
121.84,16526.85365
121.88,16533.63529
121.92,16540.43922
121.94,16543.84589
121.96,16547.26114
122,16554.09683
122.02,16557.5204
122.04,16560.94345
122.08,16567.79899
122.12,16574.65846
122.16,16581.51485
122.2,16588.36609
122.24,16595.22173
122.28,16602.06739
122.32,16608.87225
122.36,16615.6059
122.4,16622.24163
122.44,16628.74881
122.48,16635.07856
122.48,16635.07856
122.52,16641.13924
122.56,16646.86288
122.6,16652.3677
122.64,16656.86537
122.68,16661.12131
122.6955215,16663.13147
122.72,16666.45284
122.7563968,16671.33307
122.76,16671.81054
122.76773,16672.83444
122.8,16677.07776
122.84,16682.38367
122.88,16687.90506
122.9192772,16692.90198
122.92,16692.99406
122.96,16698.93518
122.9959911,16703.99212
123,16704.51574
123.0202975,16707.19161
123.04,16710.00449
123.08,16715.71086
123.1146156,16719.18213
123.12,16719.62084
123.16,16725.20297
123.1776279,16727.62316
123.2,16730.42187
123.2075312,16731.32922
123.2257613,16733.51538
123.24,16735.49435
123.28,16741.08574
123.291468,16742.32531
123.3097266,16743.58361
123.32,16744.48134
123.36,16749.99123
123.3623146,16750.31971
123.4,16755.00978
123.4033796,16755.35826
123.44,16759.73312
123.48,16765.43103
123.4928827,16766.72386
123.52,16768.44006
123.56,16773.88807
123.5725088,16775.64163
123.6,16778.86239
123.6019893,16779.04426
123.6157749,16780.16704
123.6262159,16781.42714
123.64,16783.3159
123.68,16789.00744
123.7034661,16790.7651
123.72,16792.0537
123.76,16797.60505
123.76,16797.60505
123.7989151,16802.28302
123.8,16802.37317
123.8209078,16804.42825
123.84,16807.06596
123.88,16812.48449
123.8867069,16813.08826
123.9007118,16813.83242
123.92,16815.56967
123.9554482,16820.50927
123.96,16821.12242
123.9938524,16825.05159
124,16825.53626
124.018381,16827.60053
124.04,16830.59217
124.08,16835.66343
124.0943262,16836.49994
124.12,16838.7368
124.16,16844.28284
124.1911079,16847.84493
124.2,16848.48348
124.24,16853.56978
124.28,16858.65918
124.2936929,16859.37305
124.32,16861.6597
124.36,16867.23985
124.3912606,16870.84841
124.4,16871.42706
124.4062426,16871.97932
124.4195827,16873.53285
124.44,16876.39247
124.48,16881.67876
124.4847054,16882.03588
124.4963064,16882.53024
124.52,16884.67024
124.5540212,16889.48153
124.56,16890.30107
124.5842121,16893.31155
124.5951979,16894.23942
124.6,16894.54735
124.64,16899.64071
124.68,16904.82226
124.6832412,16905.06579
124.72,16907.86886
124.7505635,16912.2183
124.76,16913.4953
124.7889734,16916.7979
124.8,16917.67636
124.8092631,16918.7574
124.84,16923.05942
124.88,16927.62727
124.8876127,16928.02015
124.92,16931.25834
124.96,16936.79912
124.9839137,16939.32925
124.9963907,16940.3396
125,16940.75393
125.04,16946.17375
125.0740332,16950.20317
125.08,16950.53711
125.12,16954.06455
125.1457,16957.77025
125.16,16959.71054
125.1823799,16962.06502
125.2,16963.53435
125.24,16968.97679
125.2766311,16973.33816
125.28,16973.51252
125.2894013,16973.79669
125.32,16976.79064
125.36,16982.5234
125.3843565,16985.16034
125.399155,16986.28082
125.4,16986.37356
125.4094668,16987.4913
125.44,16991.89735
125.4752617,16996.14268
125.48,16996.41457
125.4867466,16996.67317
125.52,17000.10309
125.5511708,17004.54172
125.56,17005.73686
125.5817695,17008.06308
125.6,17009.86745
125.6052883,17010.53276
125.64,17015.4563
125.68,17019.48849
125.6831381,17019.60088
125.72,17023.5323
125.7392332,17026.30331
125.76,17029.06677
125.777155,17030.81914
125.8,17033.13133
125.8035121,17033.53976
125.84,17038.70693
125.88,17042.43728
125.92,17046.71914
125.9378819,17049.30391
125.96,17052.22719
125.9763539,17053.81097
126,17056.30465
126.04,17061.92241
126.0670276,17064.94578
126.08,17065.47872
126.0818646,17065.51237
126.12,17069.76021
126.1372548,17072.26443
126.16,17075.28242
126.1747955,17076.7086
126.1887054,17077.96692
126.2,17079.43439
126.24,17085.07669
126.2658649,17087.92173
126.28,17088.41941
126.32,17092.99293
126.36,17098.45559
126.3710228,17099.52941
126.3996059,17102.75338
126.4,17102.79964
126.4248789,17106.42174
126.44,17108.54253
126.461601,17110.7957
126.48,17111.59484
126.52,17116.74791
126.5599471,17122.13103
126.56,17122.136
126.57157,17123.22736
126.5956638,17126.16319
126.6,17126.72181
126.64,17132.54833
126.6577051,17134.27042
126.6682727,17134.68549
126.68,17135.60453
126.72,17141.37209
126.7317125,17143.02519
126.7590725,17146.59187
126.76,17146.69612
126.773636,17148.42201
126.8,17152.34412
126.84,17157.75456
126.846666,17158.28499
126.88,17161.22287
126.92,17167.1439
126.939951,17169.96738
126.9499637,17171.3368
126.96,17173.04118
127,17179.40009
127.0322664,17183.2231
127.04,17183.70068
127.08,17188.90003
127.0966966,17191.34351
127.12,17194.60346
127.126892,17195.67185
127.16,17201.26423
127.2,17206.74809
127.24,17211.06303
127.2750165,17216.30166
127.28,17216.90846
127.3034928,17220.45284
127.3134949,17222.31452
127.32,17223.64847
127.36,17230.39305
127.3908517,17233.87861
127.4,17234.72535
127.44,17240.18437
127.48,17245.46143
127.4892902,17247.01225
127.52,17251.71129
127.56,17256.35304
127.5826435,17258.49017
127.6,17260.19722
127.6345496,17264.21351
127.64,17264.73256
127.675558,17268.43612
127.68,17268.87817
127.72,17272.85576
127.76,17276.37158
127.8,17282.82366
127.84,17289.67694
127.88,17297.22104
127.92,17305.2109
127.96,17313.26276
128,17321.13057
128.0165259,17324.28808
128.04,17328.62148
128.08,17335.41065
128.12,17341.23585
128.16,17346.11789
128.2,17350.18131
128.24,17353.73909
128.28,17356.78371
128.32,17359.17236
128.36,17361.03608
128.4,17362.47124
128.44,17363.53729
128.48,17364.28999
128.52,17364.78551
128.56,17365.0923
128.6,17365.31008
128.6151563,17365.39984
128.64,17366.44443
128.68,17370.51505
128.72,17376.22585
128.76,17382.46494
128.76,17382.46494
128.8,17388.76139
128.835,17394.25209
128.84,17395.03512
128.88,17401.29588
128.88,17401.29588
128.9,17404.42658
128.92,17407.55832
128.96,17413.825
129,17420.09381
129.04,17426.36328
129.08,17432.63355
129.12,17438.90392
129.1525,17443.99844
129.16,17445.17442
129.2,17451.44557
129.24,17457.71705
129.28,17463.98924
129.32,17470.26174
129.36,17476.53425
129.36,17476.53425
129.4,17482.80776
129.44,17489.08167
129.48,17495.35535
129.52,17501.62915
129.56,17507.9033
129.6,17514.17808
129.64,17520.45325
129.68,17526.72838
129.72,17533.0037
129.76,17539.27955
129.8,17545.55535
129.84,17551.83124
129.88,17558.1072
129.92,17564.38338
129.93,17565.95252
129.96,17570.66033
129.98125,17573.99461
130,17576.93726
130.0325,17582.03679
130.04,17583.21391
130.08,17589.49067
130.12,17595.76757
130.12,17595.76757
130.16,17602.04465
130.2,17608.32177
130.2,17608.32177
130.24,17614.59868
130.28,17620.87623
130.32,17627.15399
130.3458333,17631.20795
130.36,17633.43127
130.4,17639.70839
130.4,17639.70839
130.44,17645.9856
130.48,17652.26324
130.52,17658.54108
130.56,17664.81871
130.6,17671.09631
130.6022917,17671.45601
130.64,17677.37426
130.68,17683.65235
130.68875,17685.02544
130.72,17689.93004
130.74,17693.06861
130.76,17696.20761
130.8,17702.48526
130.84,17708.76334
130.88,17715.04173
130.92,17721.31976
130.96,17727.59758
131,17733.87544
131,17733.87544
131.04,17740.15306
131.08,17746.42832
131.12,17752.7018
131.16,17758.97438
131.2,17765.24426
131.24,17771.51214
131.28,17777.77466
131.32,17784.03208
131.36,17790.27972
131.4,17796.51975
131.44,17802.74775
131.48,17808.96565
131.52,17815.18427
131.56,17821.3465
131.6,17827.49446
131.64,17833.65512
131.68,17839.76738
131.72,17845.85953
131.76,17851.95583
131.8,17858.05164
131.84,17864.14098
131.88,17870.21286
131.92,17876.27797
131.96,17882.35923
132,17888.39767
132.04,17894.38557
132.08,17900.38469
132.12,17906.63901
132.1221876,17906.97556
132.16,17912.69264
132.2,17918.72127
132.24,17924.76127
132.28,17930.80394
132.32,17936.84159
132.36,17942.83857
132.4,17948.77872
132.44,17954.66483
132.48,17960.51109
132.52,17966.33152
132.56,17972.15382
132.6,17977.90276
132.64,17983.5662
132.68,17989.20767
132.72,17994.84427
132.76,18000.48542
132.8,18006.3389
132.84,18012.60815
132.88,18017.78104
132.92,18022.36581
132.96,18026.74369
133,18030.71317
133.04,18034.15707
133.08,18037.34304
133.12,18040.3606
133.16,18043.14752
133.2,18045.56577
133.24,18047.3455
133.28,18047.91538
133.3147021,18046.73034
133.32,18046.76133
133.3336942,18048.78168
133.36,18054.4208
133.4,18060.92703
133.44,18067.0986
133.48,18074.28057
133.52,18080.80433
133.56,18087.11397
133.6,18093.45908
133.64,18099.79492
133.68,18106.11687
133.72,18112.43466
133.76,18118.74958
133.8,18125.06064
133.84,18131.36732
133.88,18137.67329
133.92,18143.97873
133.96,18150.28187
134,18156.58172
134.04,18162.87996
134.08,18169.17874
134.12,18175.47686
134.16,18181.77254
134.2,18188.06515
134.24,18194.35889
134.28,18200.6528
134.28,18200.6528
134.32,18206.94519
134.36,18213.23494
134.4,18219.52456
134.44,18225.8153
134.48,18232.10569
134.52,18238.39363
134.56,18244.67985
134.6,18250.96774
134.64,18257.25606
134.68,18263.54307
134.72,18269.8278
134.76,18276.11337
134.8,18282.40019
134.84,18288.68625
134.88,18294.97027
134.92,18301.25375
134.96,18307.53541
135,18313.48498
135.04,18319.29783
135.08,18324.64827
135.12,18327.60705
135.16,18328.86551
135.2,18330.08449
135.24,18331.75596
135.28,18333.7444
135.32,18335.87137
135.36,18338.24173
135.4,18341.21073
135.44,18344.50739
135.48,18347.94006
135.52,18351.4631
135.56,18355.1313
135.6,18359.12531
135.64,18363.82745
135.68,18368.63805
135.72,18373.56202
135.76,18378.57941
135.8,18383.63537
135.84,18388.71169
135.88,18393.80128
135.92,18399.36795
135.96,18405.40514
136,18411.48863
136.04,18417.58974
136.0708333,18422.28799
136.08,18423.68455
136.12,18429.7683
136.16,18435.86502
136.2,18441.99529
136.24,18448.14917
136.28,18454.31798
136.32,18460.4973
136.36,18466.68903
136.4,18472.8868
136.44,18479.1021
136.48,18485.34911
136.52,18491.61139
136.56,18497.88427
136.6,18504.16336
136.64,18510.44496
136.68,18516.72764
136.72,18523.0148
136.75,18527.72908
136.76,18529.30049
136.8,18535.58411
136.84,18541.86479
136.87,18546.57535
136.88,18548.145
136.92,18554.42564
136.96,18560.70511
137,18566.9842
137.04,18573.26348
137.05,18574.83357
137.08,18579.54337
137.12,18585.82337
137.16,18592.10298
137.18,18595.24273
137.2,18598.38214
137.24,18604.66202
137.28,18610.94217
137.32,18617.22205
137.36,18623.50144
137.4,18629.78116
137.44,18636.06148
137.48,18642.34184
137.49,18643.91162
137.52,18648.62166
137.56,18654.90133
137.6,18661.1831
137.64,18667.46838
137.68,18673.75723
137.72,18680.04638
137.76,18686.3409
137.8,18692.63776
137.84,18698.94497
137.88,18705.25514
137.92,18711.56458
137.96,18717.90196
138,18724.27228
138.04,18730.66145
138.08,18737.06647
138.12,18743.48728
138.16,18749.92255
138.2,18756.37171
138.24,18762.83467
138.28,18769.31172
138.32,18775.80133
138.36,18782.30645
138.4,18788.83136
138.44,18795.40002
138.48,18802.04767
138.52,18808.84835
138.56,18815.81147
138.6,18822.92761
138.64,18830.19936
138.68,18837.62654
138.72,18845.19806
138.76,18852.89558
138.8,18860.73452
138.84,18868.82433
138.88,18877.29063
138.92,18885.90716
138.96,18892.79433
139,18899.56935
139.04,18906.39261
139.08,18913.16641
139.12,18919.48043
139.16,18925.68958
139.2,18931.0871
139.24,18933.90668
139.28,18935.37601
139.32,18936.98162
139.36,18938.98202
139.4,18941.20351
139.44,18943.54483
139.48,18946.23553
139.52,18949.52192
139.56,18953.06154
139.6,18956.6564
139.64,18960.30253
139.68,18964.05435
139.72,18968.2371
139.76,18973.10754
139.8,18978.06421
139.84,18983.11409
139.88,18988.2289
139.92,18993.37695
139.96,18998.54817
140,19004.40228
140.04,19010.35059
140.08,19015.70766
140.12,19020.22611
140.16,19023.40494
140.2,19025.18511
140.24,19026.61989
140.28,19028.41956
140.32,19030.66028
140.36,19033.18301
140.4,19035.90292
140.44,19038.80608
140.48,19042.09058
140.52,19045.94606
140.53,19046.97705
140.56,19050.15146
140.6,19054.4993
140.64,19058.9452
140.68,19063.49571
140.72,19068.16098
140.76,19072.94386
140.8,19077.85568
140.84,19082.90671
140.88,19088.09346
140.92,19093.4004
140.96,19098.80355
141,19104.29549
141.04,19109.87376
141.08,19115.58011
141.12,19121.5848
141.16,19127.80171
141.2,19134.08574
141.24,19140.37736
141.28,19146.68361
141.32,19153.02124
141.36,19159.39534
141.4,19165.80556
141.44,19172.19657
141.48,19178.61833
141.52,19185.0932
141.56,19191.58063
141.6,19198.08703
141.64,19204.61742
141.68,19211.15096
141.72,19217.6724
141.76,19224.18207
141.8,19230.67269
141.84,19237.15069
141.88,19243.60755
141.92,19250.05565
141.96,19256.48862
141.97875,19259.50265
142,19262.91089
142.04,19269.3273
142.08,19275.73705
142.0822917,19276.10434
142.12,19282.1407
142.16,19288.54197
142.2,19294.94434
142.24,19301.3481
142.24,19301.3481
142.28,19307.75067
142.32,19314.1571
142.36,19320.57665
142.4,19327.03924
142.44,19333.5349
142.48,19340.04929
142.52,19346.58438
142.56,19353.14438
142.6,19359.72562
142.64,19366.32486
142.68,19372.94264
142.72,19379.58162
142.76,19386.23705
142.8,19392.91982
142.84,19399.62708
142.88,19406.3759
142.92,19413.18952
142.96,19420.04659
143,19426.94529
143.04,19433.88218
143.08,19440.85221
143.12,19447.85462
143.125,19448.73
143.16,19454.97122
143.2,19462.30375
143.24,19469.75739
143.28,19477.28347
143.32,19484.87004
143.36,19492.55427
143.4,19500.36655
143.44,19508.27339
143.4675,19513.73871
143.48,19516.14917
143.52,19523.15289
143.56,19530.38104
143.6,19537.83171
143.64,19545.45337
143.68,19553.1489
143.72,19560.85122
143.76,19568.53023
143.8,19576.17031
143.81,19578.0731
143.84,19583.76814
143.88,19591.30777
143.92,19598.75553
143.96,19606.04157
144,19613.1218
144.0398438,19619.91356
144.04,19619.93947
144.08,19627.36866
144.12,19633.91328
144.16,19639.72983
144.2,19645.3796
144.24,19651.12665
144.2795512,19656.99301
144.28,19657.05931
144.32,19662.44609
144.36,19665.61941
144.4,19666.95701
144.44,19668.01277
144.48,19669.54177
144.52,19671.53886
144.56,19673.82179
144.6,19676.27642
144.64,19678.88106
144.68,19681.8981
144.72,19685.50139
144.76,19689.4499
144.79,19692.51804
144.8,19693.55143
144.84,19697.74178
144.88,19702.02861
144.92,19706.42813
144.96,19710.94595
145,19715.58982
145.04,19720.36753
145.08,19725.26004
145.12,19730.25037
145.16,19735.33399
145.2,19740.51296
145.24,19745.78941
145.28,19751.232
145.32,19757.27597
145.3516433,19761.51984
145.36,19762.57747
145.4,19767.07222
145.44,19770.83696
145.48,19774.33135
145.52,19777.89275
145.56,19781.58116
145.6,19785.35149
145.64,19789.18614
145.68,19793.06598
145.72,19797.21186
145.76,19801.76969
145.8,19806.56065
145.84,19811.45478
145.88,19816.40352
145.92,19821.42019
145.96,19826.50832
146,19831.6591
146.04,19836.89071
146.08,19842.22374
146.12,19847.63951
146.16,19853.10524
146.16,19853.10524
146.2,19858.63317
146.24,19864.20841
146.28,19869.83394
146.32,19875.51272
146.3375,19878.03767
146.36,19881.34871
146.4,19887.37193
146.44,19893.48992
146.48,19899.65128
146.52,19905.82874
146.56,19912.01363
146.6,19918.20838
146.64,19924.41769
146.68,19930.64283
146.72,19936.88118
146.76,19943.13125
146.8,19949.4235
146.84,19955.75115
146.8419531,19956.05884
146.88,19962.05052
146.92,19968.35747
146.96,19974.67304
147,19980.98597
147.04,19987.29145
147.08,19993.58995
147.12,19999.88551
147.14,20003.02992
147.16,20006.17283
147.2,20012.4666
147.24,20018.75772
147.28,20025.05158
147.32,20031.34908
147.36,20037.64863
147.4,20043.94737
147.44,20050.24628
147.48,20056.54805
147.52,20062.85552
147.56,20069.16718
147.6,20075.48101
147.64,20081.80046
147.68,20088.11911
147.72,20094.37291
147.76,20100.68
147.8,20107.05222
147.84,20113.43893
147.88,20119.82255
147.92,20126.19524
147.96,20132.54996
148,20138.89874
148.04,20145.23227
148.08,20151.55319
148.12,20157.83702
148.16,20164.08063
148.2,20170.3342
148.24,20176.5613
148.28,20182.73899
148.32,20188.85355
148.36,20194.87981
148.4,20200.74522
148.44,20206.45253
148.463125,20209.69221
148.48,20212.04846
148.52,20217.55548
148.56,20222.92813
148.6,20228.3625
148.64,20233.7213
148.68,20239.10751
148.72,20244.59442
148.76,20250.98211
148.8,20256.49379
148.84,20261.62306
148.88,20266.64039
148.92,20271.7034
148.96,20276.82537
149,20281.98614
149.04,20287.17355
149.08,20292.38094
149.12,20297.60112
149.16,20302.82371
149.2,20308.03741
149.24,20313.23478
149.28,20318.40754
149.32,20323.54258
149.36,20328.39736
149.4,20332.87447
149.44,20336.88441
149.4414063,20337.0141
149.48,20342.85922
149.52,20349.51753
149.56,20355.89646
149.6,20362.17356
149.64,20368.48287
149.6768723,20374.89743
149.68,20375.44796
149.72,20382.07123
149.76,20386.80739
149.8,20389.40162
149.84,20391.25576
149.88,20393.3806
149.92,20395.93175
149.96,20398.68361
150,20401.47425
150.04,20404.29465
150.08,20407.44173
150.12,20411.12643
150.16,20415.08433
150.2,20419.08862
150.24,20423.09377
150.28,20427.14264
150.32,20431.28739
150.36,20435.53402
150.4,20439.85793
150.4,20439.85793
150.44,20444.24674
150.48,20448.70185
150.52,20453.22492
150.56,20457.82735
150.6,20462.52189
150.64,20467.29633
150.68,20472.2103
150.72,20477.46065
150.76,20482.93173
150.8,20488.48145
150.84,20494.07606
150.88,20499.7056
150.92,20505.36915
150.96,20511.07131
151,20516.82686
151.04,20522.62652
151.08,20528.45646
151.12,20534.31591
151.16,20540.24179
151.2,20546.2922
151.24,20552.41499
151.28,20558.56619
151.32,20564.73159
151.3225,20565.11717
151.36,20570.90994
151.4,20577.10322
151.44,20583.30556
151.48,20589.51275
151.52,20595.72808
151.5525,20600.7834
151.56,20601.94965
151.6,20608.17647
151.6025,20608.5657
151.64,20614.40589
151.6553125,20616.79335
151.68,20620.65665
151.72,20626.93362
151.76,20633.21516
151.8,20639.49789
151.84,20645.7804
151.86125,20649.11916
151.88,20652.06383
151.9125,20657.17013
151.92,20658.34802
151.96,20664.63226
152,20670.91571
152,20670.91571
152.02,20674.05758
152.04,20677.19905
152.08,20683.48294
152.08,20683.48294
152.12,20689.76726
152.1325,20691.73044
152.16,20696.05102
152.2,20702.33422
152.24,20708.61809
152.28,20714.90264
152.3108333,20719.74607
152.32,20721.1864
152.36,20727.47166
152.4,20733.75843
152.44,20740.04673
152.48,20746.3391
152.52,20752.63287
152.56,20758.93273
152.6,20765.23352
152.64,20771.53688
152.68,20777.82544
152.72,20784.00379
152.76,20790.07847
152.8,20796.1266
152.84,20802.16524
152.88,20808.20028
152.92,20814.23443
152.96,20820.27901
153,20826.32647
153.04,20832.35996
153.08,20838.39468
153.12,20844.43316
153.16,20850.47583
153.2,20856.52175
153.24,20862.54096
153.28,20868.44672
153.32,20874.31578
153.36,20880.17318
153.4,20886.01156
153.44,20891.82365
153.48,20897.6058
153.52,20903.35282
153.56,20909.05856
153.6,20914.71638
153.64,20920.32083
153.68,20925.86922
153.7066667,20929.51625
153.72,20931.2842
153.76,20936.34471
153.8,20940.98935
153.827373,20943.8546
153.84,20945.56497
153.88,20952.34971
153.92,20959.12088
153.96,20965.65064
154,20972.12554
154.04,20978.61183
154.08,20985.09033
154.12,20991.55127
154.16,20997.99722
154.2,21004.43175
154.24,21010.85491
154.28,21017.266
154.32,21023.66525
154.36,21030.05753
154.4,21036.4424
154.4,21036.4424
154.44,21042.81887
154.48,21049.18631
154.52,21055.54781
154.56,21061.90487
154.6,21068.25655
154.64,21074.60093
154.68,21080.93967
154.72,21087.27608
154.76,21093.60918
154.8,21099.93746
154.84,21106.26032
154.88,21112.58141
154.92,21118.90091
154.96,21125.21711
155,21131.52906
155.04,21137.83851
155.08,21144.14767
155.12,21150.45538
155.16,21156.75994
155.2,21163.06079
155.24,21169.36213
